ms_nr,year,month,min_gwl,mean_gwl,max_gwl
GMS207,1990,1,3.8,3.8,3.8
GMS207,1990,2,3.84,3.84,3.84
GMS207,1990,3,3.53,3.53,3.53
GMS207,1990,4,3.66,3.66,3.66
GMS207,1990,5,3.6,3.6,3.6
GMS207,1990,6,3.58,3.58,3.58
GMS207,1990,7,3.55,3.55,3.55
GMS207,1990,8,3.46,3.46,3.46
GMS207,1990,9,3.45,3.45,3.45
GMS207,1990,10,3.4,3.4,3.4
GMS207,1990,11,3.72,3.72,3.72
GMS207,1990,12,3.76,3.76,3.76
GMS207,1991,1,3.85,3.85,3.85
GMS207,1991,2,3.85,3.85,3.85
GMS207,1991,3,3.69,3.69,3.69
GMS207,1991,4,3.57,3.57,3.57
GMS207,1991,5,3.44,3.44,3.44
GMS207,1991,6,3.41,3.41,3.41
GMS207,1991,7,3.45,3.45,3.45
GMS207,1991,8,3.44,3.44,3.44
GMS207,1991,9,3.34,3.34,3.34
GMS207,1991,10,3.33,3.33,3.33
GMS207,1991,11,3.45,3.45,3.45
GMS207,1991,12,3.61,3.61,3.61
GMS207,1992,1,3.44,3.44,3.44
GMS207,1992,2,3.45,3.45,3.45
GMS207,1992,3,3.72,3.72,3.72
GMS207,1992,4,3.91,3.91,3.91
GMS207,1992,5,3.84,3.84,3.84
GMS207,1992,6,3.64,3.64,3.64
GMS207,1992,7,3.46,3.46,3.46
GMS207,1992,8,3.41,3.41,3.41
GMS207,1992,9,3.34,3.34,3.34
GMS207,1992,10,3.22,3.22,3.22
GMS207,1992,11,3.37,3.37,3.37
GMS207,1992,12,3.52,3.52,3.52
GMS207,1993,1,3.65,3.65,3.65
GMS207,1993,2,3.85,3.85,3.85
GMS207,1993,3,3.74,3.74,3.74
GMS207,1993,4,3.62,3.62,3.62
GMS207,1993,5,3.54,3.54,3.54
GMS207,1993,6,3.45,3.45,3.45
GMS207,1993,7,3.56,3.56,3.56
GMS207,1993,8,3.88,3.88,3.88
GMS207,1993,9,3.79,3.79,3.79
GMS207,1993,10,4.12,4.12,4.12
GMS207,1993,11,4.04,4.04,4.04
GMS207,1993,12,4.1,4.1,4.1
GMS207,1994,1,4.37,4.37,4.37
GMS207,1994,2,4.31,4.31,4.31
GMS207,1994,3,4.21,4.21,4.21
GMS207,1994,4,4.41,4.41,4.41
GMS207,1994,5,4.13,4.13,4.13
GMS207,1994,6,,,
GMS207,1994,7,,,
GMS207,1994,8,,,
GMS207,1994,9,3.43,3.43,3.43
GMS207,1994,10,3.37,3.37,3.37
GMS207,1994,11,3.38,3.38,3.38
GMS207,1994,12,3.45,3.45,3.45
GMS207,1995,1,3.43,3.43,3.43
GMS207,1995,2,3.6,3.6,3.6
GMS207,1995,3,3.73,3.73,3.73
GMS207,1995,4,3.8,3.8,3.8
GMS207,1995,5,3.79,3.79,3.79
GMS207,1995,6,,,
GMS207,1995,7,,,
GMS207,1995,8,,,
GMS207,1995,9,3.68,3.68,3.68
GMS207,1995,10,3.64,3.64,3.64
GMS207,1995,11,3.56,3.56,3.56
GMS207,1995,12,3.55,3.55,3.55
GMS207,1996,1,3.49,3.49,3.49
GMS207,1996,2,3.32,3.32,3.32
GMS207,1996,3,3.29,3.29,3.29
GMS207,1996,4,3.28,3.28,3.28
GMS207,1996,5,3.38,3.38,3.38
GMS207,1996,6,3.4,3.4,3.4
GMS207,1996,7,3.41,3.41,3.41
GMS207,1996,8,3.32,3.32,3.32
GMS207,1996,9,3.29,3.29,3.29
GMS207,1996,10,3.28,3.28,3.28
GMS207,1996,11,3.42,3.42,3.42
GMS207,1996,12,3.5,3.5,3.5
GMS207,1997,1,3.33,3.33,3.33
GMS207,1997,2,3.31,3.31,3.31
GMS207,1997,3,3.57,3.57,3.57
GMS207,1997,4,3.62,3.62,3.62
GMS207,1997,5,3.58,3.58,3.58
GMS207,1997,6,3.51,3.51,3.51
GMS207,1997,7,3.63,3.63,3.63
GMS207,1997,8,3.51,3.51,3.51
GMS207,1997,9,3.39,3.39,3.39
GMS207,1997,10,3.34,3.34,3.34
GMS207,1997,11,3.27,3.27,3.27
GMS207,1997,12,3.2,3.2,3.2
GMS207,1998,1,3.43,3.43,3.43
GMS207,1998,2,3.42,3.42,3.42
GMS207,1998,3,3.58,3.58,3.58
GMS207,1998,4,3.58,3.58,3.58
GMS207,1998,5,3.65,3.65,3.65
GMS207,1998,6,3.57,3.57,3.57
GMS207,1998,7,3.66,3.66,3.66
GMS207,1998,8,3.54,3.54,3.54
GMS207,1998,9,3.49,3.49,3.49
GMS207,1998,10,3.63,3.63,3.63
GMS207,1998,11,4.07,4.07,4.07
GMS207,1998,12,4.08,4.08,4.08
GMS207,1999,1,4.18,4.18,4.18
GMS207,1999,2,4.16,4.16,4.16
GMS207,1999,3,4.28,4.28,4.28
GMS207,1999,4,4.09,4.09,4.09
GMS207,1999,5,3.95,3.95,3.95
GMS207,1999,6,3.85,3.85,3.85
GMS207,1999,7,3.71,3.71,3.71
GMS207,1999,8,3.6,3.6,3.6
GMS207,1999,9,3.52,3.52,3.52
GMS207,1999,10,3.45,3.45,3.45
GMS207,1999,11,3.39,3.39,3.39
GMS207,1999,12,3.75,3.75,3.75
GMS207,2000,1,3.89,3.89,3.89
GMS207,2000,2,4.0,4.0,4.0
GMS207,2000,3,4.07,4.07,4.07
GMS207,2000,4,3.94,3.94,3.94
GMS207,2000,5,3.74,3.74,3.74
GMS207,2000,6,3.61,3.61,3.61
GMS207,2000,7,3.56,3.56,3.56
GMS207,2000,8,3.74,3.74,3.74
GMS207,2000,9,3.57,3.57,3.57
GMS207,2000,10,3.49,3.49,3.49
GMS207,2000,11,3.45,3.45,3.45
GMS207,2000,12,3.47,3.47,3.47
GMS207,2001,1,3.5,3.5,3.5
GMS207,2001,2,3.55,3.55,3.55
GMS207,2001,3,3.56,3.56,3.56
GMS207,2001,4,3.54,3.54,3.54
GMS207,2001,5,3.5,3.5,3.5
GMS207,2001,6,3.43,3.43,3.43
GMS207,2001,7,3.32,3.32,3.32
GMS207,2001,8,3.24,3.24,3.24
GMS207,2001,9,3.5,3.5,3.5
GMS207,2001,10,3.63,3.63,3.63
GMS207,2001,11,3.54,3.54,3.54
GMS207,2001,12,3.63,3.63,3.63
GMS207,2002,1,3.66,3.66,3.66
GMS207,2002,2,3.86,3.86,3.86
GMS207,2002,3,4.08,4.08,4.08
GMS207,2002,4,3.87,3.87,3.87
GMS207,2002,5,3.86,3.86,3.86
GMS207,2002,6,3.73,3.73,3.73
GMS207,2002,7,3.77,3.77,3.77
GMS207,2002,8,3.91,3.91,3.91
GMS207,2002,9,3.68,3.68,3.68
GMS207,2002,10,3.73,3.73,3.73
GMS207,2002,11,4.13,4.13,4.13
GMS207,2002,12,3.9,3.9,3.9
GMS207,2003,1,4.18,4.18,4.18
GMS207,2003,2,4.15,4.15,4.15
GMS207,2003,3,3.93,3.93,3.93
GMS207,2003,4,3.82,3.82,3.82
GMS207,2003,5,3.77,3.77,3.77
GMS207,2003,6,3.69,3.69,3.69
GMS207,2003,7,3.48,3.48,3.48
GMS207,2003,8,3.26,3.26,3.26
GMS207,2003,9,3.14,3.14,3.14
GMS207,2003,10,3.0,3.0,3.0
GMS207,2003,11,2.95,2.95,2.95
GMS207,2003,12,3.15,3.15,3.15
GMS207,2004,1,3.65,3.65,3.65
GMS207,2004,2,4.01,4.01,4.01
GMS207,2004,3,3.93,3.93,3.93
GMS207,2004,4,3.88,3.88,3.88
GMS207,2004,5,3.78,3.78,3.78
GMS207,2004,6,3.69,3.69,3.69
GMS207,2004,7,3.74,3.74,3.74
GMS207,2004,8,3.69,3.69,3.69
GMS207,2004,9,,,
GMS207,2004,10,,,
GMS207,2004,11,3.89,3.89,3.89
GMS207,2004,12,3.87,3.87,3.87
GMS207,2005,1,3.95,3.95,3.95
GMS207,2005,2,4.03,4.03,4.03
GMS207,2005,3,4.0,4.0,4.0
GMS207,2005,4,3.9,3.9,3.9
GMS207,2005,5,3.87,3.87,3.87
GMS207,2005,6,,,
GMS207,2005,7,,,
GMS207,2005,8,,,
GMS207,2005,9,,,
GMS207,2005,10,3.53,3.53,3.53
GMS207,2005,11,,,
GMS207,2005,12,,,
GMS207,2006,1,,,
GMS207,2006,2,,,
GMS207,2006,3,3.62,3.62,3.62
GMS207,2006,4,3.7,3.7,3.7
GMS207,2006,5,3.73,3.73,3.73
GMS207,2006,6,3.64,3.64,3.64
GMS207,2006,7,3.44,3.44,3.44
GMS207,2006,8,3.38,3.38,3.38
GMS207,2006,9,3.44,3.44,3.44
GMS207,2006,10,3.36,3.36,3.36
GMS207,2006,11,3.58,3.58,3.58
GMS207,2006,12,3.62,3.62,3.62
GMS207,2007,1,3.95,3.95,3.95
GMS207,2007,2,4.12,4.12,4.12
GMS207,2007,3,4.22,4.22,4.22
GMS207,2007,4,4.05,4.05,4.05
GMS207,2007,5,3.94,3.94,3.94
GMS207,2007,6,3.9,3.9,3.9
GMS207,2007,7,3.92,3.92,3.92
GMS207,2007,8,3.84,3.84,3.84
GMS207,2007,9,3.85,3.85,3.85
GMS207,2007,10,3.86,3.86,3.86
GMS207,2007,11,4.02,4.02,4.02
GMS207,2007,12,4.28,4.28,4.28
GMS207,2008,1,4.25,4.25,4.25
GMS207,2008,2,4.34,4.34,4.34
GMS207,2008,3,4.44,4.44,4.44
GMS207,2008,4,4.31,4.31,4.31
GMS207,2008,5,4.09,4.09,4.09
GMS207,2008,6,3.9,3.9,3.9
GMS207,2008,7,3.98,3.98,3.98
GMS207,2008,8,4.01,4.01,4.01
GMS207,2008,9,3.94,3.94,3.94
GMS207,2008,10,3.88,3.88,3.88
GMS207,2008,11,3.89,3.89,3.89
GMS207,2008,12,4.01,4.01,4.01
GMS207,2009,1,3.97,3.97,3.97
GMS207,2009,2,3.97,3.97,3.97
GMS207,2009,3,4.05,4.05,4.05
GMS207,2009,4,4.08,4.08,4.08
GMS207,2009,5,3.99,3.99,3.99
GMS207,2009,6,3.92,3.92,3.92
GMS207,2009,7,3.88,3.88,3.88
GMS207,2009,8,3.82,3.82,3.82
GMS207,2009,9,3.73,3.73,3.73
GMS207,2009,10,3.67,3.67,3.67
GMS207,2009,11,3.67,3.67,3.67
GMS207,2009,12,3.7,3.7,3.7
GMS207,2010,1,3.74,3.74,3.74
GMS207,2010,2,3.82,3.82,3.82
GMS207,2010,3,3.9,3.9,3.9
GMS207,2010,4,3.95,3.95,3.95
GMS207,2010,5,3.91,3.91,3.91
GMS207,2010,6,3.82,3.82,3.82
GMS207,2010,7,3.71,3.71,3.71
GMS207,2010,8,3.65,3.65,3.65
GMS207,2010,9,3.75,3.75,3.75
GMS207,2010,10,3.78,3.78,3.78
GMS207,2010,11,3.84,3.84,3.84
GMS207,2010,12,3.92,3.92,3.92
GMS207,2011,1,4.01,4.01,4.01
GMS207,2011,2,4.14,4.14,4.14
GMS207,2011,3,4.14,4.14,4.14
GMS207,2011,4,4.04,4.04,4.04
GMS207,2011,5,3.95,3.95,3.95
GMS207,2011,6,3.87,3.87,3.87
GMS207,2011,7,3.79,3.79,3.79
GMS207,2011,8,3.73,3.73,3.73
GMS207,2011,9,3.75,3.75,3.75
GMS207,2011,10,3.74,3.74,3.74
GMS207,2011,11,3.69,3.69,3.69
GMS207,2011,12,3.81,3.81,3.81
GMS207,2012,1,4.22,4.22,4.22
GMS207,2012,2,4.31,4.31,4.31
GMS207,2012,3,4.19,4.19,4.19
GMS207,2012,4,4.11,4.11,4.11
GMS207,2012,5,4.04,4.04,4.04
GMS207,2012,6,3.96,3.96,3.96
GMS207,2012,7,3.89,3.89,3.89
GMS207,2012,8,3.82,3.82,3.82
GMS207,2012,9,3.74,3.74,3.74
GMS207,2012,10,3.7,3.7,3.7
GMS207,2012,11,3.66,3.66,3.66
GMS207,2012,12,3.64,3.64,3.64
GMS207,2013,1,3.8,3.8,3.8
GMS207,2013,2,3.89,3.89,3.89
GMS207,2013,3,3.89,3.89,3.89
GMS207,2013,4,3.77,3.77,3.77
GMS207,2013,5,3.71,3.71,3.71
GMS207,2013,6,3.77,3.77,3.77
GMS207,2013,7,3.83,3.83,3.83
GMS207,2013,8,3.7,3.7,3.7
GMS207,2013,9,3.6,3.6,3.6
GMS207,2013,10,3.54,3.54,3.54
GMS207,2013,11,3.6,3.6,3.6
GMS207,2013,12,3.61,3.61,3.61
GMS207,2014,1,3.63,3.63,3.63
GMS207,2014,2,3.62,3.62,3.62
GMS207,2014,3,3.6,3.6,3.6
GMS207,2014,4,3.56,3.56,3.56
GMS207,2014,5,3.59,3.59,3.59
GMS207,2014,6,3.63,3.63,3.63
GMS207,2014,7,3.63,3.63,3.63
GMS207,2014,8,3.54,3.54,3.54
GMS207,2014,9,3.47,3.47,3.47
GMS207,2014,10,3.42,3.42,3.42
GMS207,2014,11,3.39,3.39,3.39
GMS207,2014,12,3.38,3.38,3.38
GMS207,2015,1,3.49,3.49,3.49
GMS207,2015,2,3.57,3.57,3.57
GMS207,2015,3,3.59,3.59,3.59
GMS207,2015,4,,,
GMS207,2015,5,,,
GMS207,2015,6,,,
GMS207,2015,7,,,
GMS207,2015,8,,,
GMS207,2015,9,,,
GMS207,2015,10,,,
GMS207,2015,11,,,
GMS207,2015,12,,,
GMS207,2016,1,,,
GMS207,2016,2,,,
GMS207,2016,3,,,
GMS207,2016,4,,,
GMS207,2016,5,,,
GMS207,2016,6,,,
GMS207,2016,7,,,
GMS207,2016,8,,,
GMS207,2016,9,,,
GMS207,2016,10,,,
GMS207,2016,11,,,
GMS207,2016,12,,,
GMS207,2017,1,,,
GMS207,2017,2,,,
GMS207,2017,3,,,
GMS207,2017,4,,,
GMS207,2017,5,,,
GMS207,2017,6,,,
GMS207,2017,7,,,
GMS207,2017,8,,,
GMS207,2017,9,,,
GMS207,2017,10,3.61,3.61,3.61
GMS207,2017,11,3.59,3.59,3.59
GMS207,2017,12,3.52,3.52,3.52
GMS207,2018,1,3.68,3.68,3.68
GMS207,2018,2,3.8,3.8,3.8
GMS207,2018,3,3.74,3.74,3.74
GMS207,2018,4,3.73,3.73,3.73
GMS207,2018,5,3.77,3.77,3.77
GMS207,2018,6,3.65,3.65,3.65
GMS207,2018,7,3.54,3.54,3.54
GMS207,2018,8,3.44,3.44,3.44
GMS207,2018,9,3.37,3.37,3.37
GMS207,2018,10,3.31,3.31,3.31
GMS207,2018,11,3.27,3.27,3.27
GMS207,2018,12,3.26,3.26,3.26
GMS207,2019,1,3.3,3.3,3.3
GMS207,2019,2,3.38,3.38,3.38
GMS207,2019,3,3.45,3.45,3.45
GMS207,2019,4,3.52,3.52,3.52
GMS207,2019,5,3.44,3.44,3.44
GMS207,2019,6,3.39,3.39,3.39
GMS207,2019,7,3.31,3.31,3.31
GMS207,2019,8,3.25,3.25,3.25
GMS207,2019,9,3.21,3.21,3.21
GMS207,2019,10,3.34,3.34,3.34
GMS207,2019,11,3.41,3.41,3.41
GMS207,2019,12,3.44,3.44,3.44
GMS207,2020,1,3.44,3.44,3.44
GMS207,2020,2,3.52,3.52,3.52
GMS207,2020,3,3.84,3.84,3.84
GMS207,2020,4,3.86,3.86,3.86
GMS207,2020,5,3.75,3.75,3.75
GMS207,2020,6,3.65,3.65,3.65
GMS207,2020,7,3.58,3.58,3.58
GMS207,2020,8,3.52,3.52,3.52
GMS207,2020,9,3.48,3.48,3.48
GMS207,2020,10,3.42,3.42,3.42
GMS207,2020,11,3.37,3.37,3.37
GMS207,2020,12,3.35,3.35,3.35
GMS207,2021,1,3.42,3.42,3.42
GMS207,2021,2,3.5,3.5,3.5
GMS207,2021,3,3.59,3.59,3.59
GMS207,2021,4,3.65,3.65,3.65
GMS207,2021,5,3.6,3.6,3.6
GMS207,2021,6,3.56,3.56,3.56
GMS207,2021,7,3.5,3.5,3.5
GMS207,2021,8,3.43,3.43,3.43
GMS207,2021,9,3.37,3.37,3.37
GMS207,2021,10,3.32,3.32,3.32
GMS207,2021,11,3.29,3.29,3.29
GMS207,2021,12,3.31,3.31,3.31
GMS141,1990,1,1.39,1.39,1.39
GMS141,1990,2,1.3,1.3,1.3
GMS141,1990,3,1.26,1.26,1.26
GMS141,1990,4,1.13,1.13,1.13
GMS141,1990,5,1.21,1.21,1.21
GMS141,1990,6,1.33,1.33,1.33
GMS141,1990,7,1.29,1.29,1.29
GMS141,1990,8,1.21,1.21,1.21
GMS141,1990,9,1.43,1.43,1.43
GMS141,1990,10,1.35,1.35,1.35
GMS141,1990,11,1.38,1.38,1.38
GMS141,1990,12,1.46,1.46,1.46
GMS141,1991,1,1.47,1.47,1.47
GMS141,1991,2,1.44,1.44,1.44
GMS141,1991,3,1.37,1.37,1.37
GMS141,1991,4,1.32,1.32,1.32
GMS141,1991,5,1.34,1.34,1.34
GMS141,1991,6,1.37,1.37,1.37
GMS141,1991,7,1.32,1.32,1.32
GMS141,1991,8,1.28,1.28,1.28
GMS141,1991,9,1.23,1.23,1.23
GMS141,1991,10,1.39,1.39,1.39
GMS141,1991,11,1.44,1.44,1.44
GMS141,1991,12,1.47,1.47,1.47
GMS141,1992,1,1.51,1.51,1.51
GMS141,1992,2,1.53,1.53,1.53
GMS141,1992,3,1.53,1.53,1.53
GMS141,1992,4,1.47,1.47,1.47
GMS141,1992,5,1.46,1.46,1.46
GMS141,1992,6,1.27,1.27,1.27
GMS141,1992,7,1.16,1.16,1.16
GMS141,1992,8,1.12,1.12,1.12
GMS141,1992,9,1.27,1.27,1.27
GMS141,1992,10,1.29,1.29,1.29
GMS141,1992,11,1.52,1.52,1.52
GMS141,1992,12,1.47,1.47,1.47
GMS141,1993,1,1.49,1.49,1.49
GMS141,1993,2,1.49,1.49,1.49
GMS141,1993,3,1.37,1.37,1.37
GMS141,1993,4,1.39,1.39,1.39
GMS141,1993,5,1.26,1.26,1.26
GMS141,1993,6,1.26,1.26,1.26
GMS141,1993,7,1.32,1.32,1.32
GMS141,1993,8,1.54,1.54,1.54
GMS141,1993,9,1.55,1.55,1.55
GMS141,1993,10,1.58,1.58,1.58
GMS141,1993,11,1.46,1.46,1.46
GMS141,1993,12,1.63,1.63,1.63
GMS141,1994,1,1.64,1.64,1.64
GMS141,1994,2,1.56,1.56,1.56
GMS141,1994,3,1.6,1.6,1.6
GMS141,1994,4,1.56,1.56,1.56
GMS141,1994,5,1.44,1.44,1.44
GMS141,1994,6,1.44,1.44,1.44
GMS141,1994,7,,,
GMS141,1994,8,,,
GMS141,1994,9,,,
GMS141,1994,10,,,
GMS141,1994,11,1.52,1.52,1.52
GMS141,1994,12,1.63,1.63,1.63
GMS141,1995,1,,,
GMS141,1995,2,,,
GMS141,1995,3,,,
GMS141,1995,4,,,
GMS141,1995,5,,,
GMS141,1995,6,,,
GMS141,1995,7,,,
GMS141,1995,8,,,
GMS141,1995,9,,,
GMS141,1995,10,,,
GMS141,1995,11,,,
GMS141,1995,12,,,
GMS141,1996,1,,,
GMS141,1996,2,1.34,1.34,1.34
GMS141,1996,3,1.26,1.26,1.26
GMS141,1996,4,1.2,1.2,1.2
GMS141,1996,5,1.23,1.23,1.23
GMS141,1996,6,1.24,1.24,1.24
GMS141,1996,7,1.29,1.29,1.29
GMS141,1996,8,1.27,1.27,1.27
GMS141,1996,9,1.27,1.27,1.27
GMS141,1996,10,1.26,1.26,1.26
GMS141,1996,11,1.34,1.34,1.34
GMS141,1996,12,1.31,1.31,1.31
GMS141,1997,1,1.29,1.29,1.29
GMS141,1997,2,1.39,1.39,1.39
GMS141,1997,3,1.32,1.32,1.32
GMS141,1997,4,1.29,1.29,1.29
GMS141,1997,5,1.43,1.43,1.43
GMS141,1997,6,1.42,1.42,1.42
GMS141,1997,7,1.57,1.57,1.57
GMS141,1997,8,1.48,1.48,1.48
GMS141,1997,9,1.39,1.39,1.39
GMS141,1997,10,1.46,1.46,1.46
GMS141,1997,11,1.49,1.49,1.49
GMS141,1997,12,1.57,1.57,1.57
GMS141,1998,1,1.61,1.61,1.61
GMS141,1998,2,1.51,1.51,1.51
GMS141,1998,3,1.51,1.51,1.51
GMS141,1998,4,1.51,1.51,1.51
GMS141,1998,5,1.44,1.44,1.44
GMS141,1998,6,1.4,1.4,1.4
GMS141,1998,7,1.43,1.43,1.43
GMS141,1998,8,1.4,1.4,1.4
GMS141,1998,9,1.4,1.4,1.4
GMS141,1998,10,1.45,1.45,1.45
GMS141,1998,11,1.43,1.43,1.43
GMS141,1998,12,1.42,1.42,1.42
GMS141,1999,1,1.37,1.37,1.37
GMS141,1999,2,1.37,1.37,1.37
GMS141,1999,3,1.37,1.37,1.37
GMS141,1999,4,1.24,1.24,1.24
GMS141,1999,5,1.22,1.22,1.22
GMS141,1999,6,1.21,1.21,1.21
GMS141,1999,7,1.22,1.22,1.22
GMS141,1999,8,1.24,1.24,1.24
GMS141,1999,9,1.17,1.17,1.17
GMS141,1999,10,1.26,1.26,1.26
GMS141,1999,11,1.26,1.26,1.26
GMS141,1999,12,1.42,1.42,1.42
GMS141,2000,1,1.38,1.38,1.38
GMS141,2000,2,1.41,1.41,1.41
GMS141,2000,3,1.48,1.48,1.48
GMS141,2000,4,1.32,1.32,1.32
GMS141,2000,5,1.24,1.24,1.24
GMS141,2000,6,1.2,1.2,1.2
GMS141,2000,7,1.27,1.27,1.27
GMS141,2000,8,1.32,1.32,1.32
GMS141,2000,9,1.32,1.32,1.32
GMS141,2000,10,1.28,1.28,1.28
GMS141,2000,11,1.27,1.27,1.27
GMS141,2000,12,1.3,1.3,1.3
GMS141,2001,1,1.35,1.35,1.35
GMS141,2001,2,1.38,1.38,1.38
GMS141,2001,3,1.33,1.33,1.33
GMS141,2001,4,1.35,1.35,1.35
GMS141,2001,5,1.27,1.27,1.27
GMS141,2001,6,1.31,1.31,1.31
GMS141,2001,7,1.29,1.29,1.29
GMS141,2001,8,1.3,1.3,1.3
GMS141,2001,9,1.49,1.49,1.49
GMS141,2001,10,1.37,1.37,1.37
GMS141,2001,11,1.38,1.38,1.38
GMS141,2001,12,1.45,1.45,1.45
GMS141,2002,1,1.39,1.39,1.39
GMS141,2002,2,1.41,1.41,1.41
GMS141,2002,3,1.48,1.48,1.48
GMS141,2002,4,1.54,1.54,1.54
GMS141,2002,5,1.52,1.52,1.52
GMS141,2002,6,1.47,1.47,1.47
GMS141,2002,7,1.52,1.52,1.52
GMS141,2002,8,1.49,1.49,1.49
GMS141,2002,9,1.24,1.24,1.24
GMS141,2002,10,1.35,1.35,1.35
GMS141,2002,11,1.45,1.45,1.45
GMS141,2002,12,1.36,1.36,1.36
GMS141,2003,1,1.45,1.45,1.45
GMS141,2003,2,1.34,1.34,1.34
GMS141,2003,3,1.32,1.32,1.32
GMS141,2003,4,1.26,1.26,1.26
GMS141,2003,5,1.31,1.31,1.31
GMS141,2003,6,1.24,1.24,1.24
GMS141,2003,7,1.22,1.22,1.22
GMS141,2003,8,0.96,0.96,0.96
GMS141,2003,9,1.15,1.15,1.15
GMS141,2003,10,1.26,1.26,1.26
GMS141,2003,11,1.23,1.23,1.23
GMS141,2003,12,1.33,1.33,1.33
GMS141,2004,1,1.41,1.41,1.41
GMS141,2004,2,1.43,1.43,1.43
GMS141,2004,3,1.32,1.32,1.32
GMS141,2004,4,1.29,1.29,1.29
GMS141,2004,5,1.3,1.3,1.3
GMS141,2004,6,1.28,1.28,1.28
GMS141,2004,7,1.45,1.45,1.45
GMS141,2004,8,1.28,1.28,1.28
GMS141,2004,9,1.31,1.31,1.31
GMS141,2004,10,1.31,1.31,1.31
GMS141,2004,11,,,
GMS141,2004,12,1.39,1.39,1.39
GMS141,2005,1,1.4,1.4,1.4
GMS141,2005,2,1.42,1.42,1.42
GMS141,2005,3,1.39,1.39,1.39
GMS141,2005,4,,,
GMS141,2005,5,1.32,1.32,1.32
GMS141,2005,6,1.3,1.3,1.3
GMS141,2005,7,1.25,1.25,1.25
GMS141,2005,8,,,
GMS141,2005,9,,,
GMS141,2005,10,1.29,1.29,1.29
GMS141,2005,11,1.32,1.32,1.32
GMS141,2005,12,,,
GMS141,2006,1,,,
GMS141,2006,2,,,
GMS141,2006,3,,,
GMS141,2006,4,,,
GMS141,2006,5,,,
GMS141,2006,6,,,
GMS141,2006,7,0.91,0.91,0.91
GMS141,2006,8,1.11,1.11,1.11
GMS141,2006,9,1.16,1.16,1.16
GMS141,2006,10,1.12,1.12,1.12
GMS141,2006,11,1.22,1.22,1.22
GMS141,2006,12,,,
GMS141,2007,1,,,
GMS141,2007,2,,,
GMS141,2007,3,,,
GMS141,2007,4,,,
GMS141,2007,5,1.39,1.39,1.39
GMS141,2007,6,1.43,1.43,1.43
GMS141,2007,7,1.54,1.54,1.54
GMS141,2007,8,1.41,1.41,1.41
GMS141,2007,9,1.47,1.47,1.47
GMS141,2007,10,1.47,1.47,1.47
GMS141,2007,11,1.54,1.54,1.54
GMS141,2007,12,1.54,1.54,1.54
GMS141,2008,1,1.55,1.55,1.55
GMS141,2008,2,1.49,1.49,1.49
GMS141,2008,3,1.52,1.52,1.52
GMS141,2008,4,1.41,1.41,1.41
GMS141,2008,5,1.29,1.29,1.29
GMS141,2008,6,1.17,1.17,1.17
GMS141,2008,7,1.31,1.31,1.31
GMS141,2008,8,1.43,1.43,1.43
GMS141,2008,9,1.34,1.34,1.34
GMS141,2008,10,1.47,1.47,1.47
GMS141,2008,11,1.44,1.44,1.44
GMS141,2008,12,1.4,1.4,1.4
GMS141,2009,1,1.42,1.42,1.42
GMS141,2009,2,1.45,1.45,1.45
GMS141,2009,3,1.49,1.49,1.49
GMS141,2009,4,1.35,1.35,1.35
GMS141,2009,5,1.27,1.27,1.27
GMS141,2009,6,1.33,1.33,1.33
GMS141,2009,7,1.29,1.29,1.29
GMS141,2009,8,1.14,1.14,1.14
GMS141,2009,9,1.05,1.05,1.05
GMS141,2009,10,1.3,1.3,1.3
GMS141,2009,11,1.52,1.52,1.52
GMS141,2009,12,1.52,1.52,1.52
GMS141,2010,1,1.47,1.47,1.47
GMS141,2010,2,1.5,1.5,1.5
GMS141,2010,3,1.56,1.56,1.56
GMS141,2010,4,1.41,1.41,1.41
GMS141,2010,5,1.36,1.36,1.36
GMS141,2010,6,1.29,1.29,1.29
GMS141,2010,7,1.07,1.07,1.07
GMS141,2010,8,1.27,1.27,1.27
GMS141,2010,9,1.5,1.5,1.5
GMS141,2010,10,1.5,1.5,1.5
GMS141,2010,11,1.54,1.54,1.54
GMS141,2010,12,1.47,1.47,1.47
GMS141,2011,1,1.55,1.55,1.55
GMS141,2011,2,1.5,1.5,1.5
GMS141,2011,3,1.37,1.37,1.37
GMS141,2011,4,1.31,1.31,1.31
GMS141,2011,5,1.23,1.23,1.23
GMS141,2011,6,1.24,1.24,1.24
GMS141,2011,7,1.31,1.31,1.31
GMS141,2011,8,1.48,1.48,1.48
GMS141,2011,9,1.55,1.55,1.55
GMS141,2011,10,1.47,1.47,1.47
GMS141,2011,11,1.36,1.36,1.36
GMS141,2011,12,1.61,1.61,1.61
GMS141,2012,1,1.65,1.65,1.65
GMS141,2012,2,1.44,1.44,1.44
GMS141,2012,3,1.39,1.39,1.39
GMS141,2012,4,1.4,1.4,1.4
GMS141,2012,5,1.37,1.37,1.37
GMS141,2012,6,1.38,1.38,1.38
GMS141,2012,7,,,
GMS141,2012,8,,,
GMS141,2012,9,,,
GMS141,2012,10,,,
GMS141,2012,11,1.42,1.42,1.42
GMS141,2012,12,1.53,1.53,1.53
GMS141,2013,1,1.51,1.51,1.51
GMS141,2013,2,1.54,1.54,1.54
GMS141,2013,3,1.42,1.42,1.42
GMS141,2013,4,1.38,1.38,1.38
GMS141,2013,5,1.44,1.44,1.44
GMS141,2013,6,1.5,1.5,1.5
GMS141,2013,7,1.35,1.35,1.35
GMS141,2013,8,1.23,1.23,1.23
GMS141,2013,9,1.31,1.31,1.31
GMS141,2013,10,1.4,1.4,1.4
GMS141,2013,11,1.52,1.52,1.52
GMS141,2013,12,1.53,1.53,1.53
GMS141,2014,1,1.52,1.52,1.52
GMS141,2014,2,1.51,1.51,1.51
GMS141,2014,3,1.45,1.45,1.45
GMS141,2014,4,1.44,1.44,1.44
GMS141,2014,5,1.53,1.53,1.53
GMS141,2014,6,1.44,1.44,1.44
GMS141,2014,7,1.39,1.39,1.39
GMS141,2014,8,1.26,1.26,1.26
GMS141,2014,9,1.27,1.27,1.27
GMS141,2014,10,1.31,1.31,1.31
GMS141,2014,11,1.41,1.41,1.41
GMS141,2014,12,1.49,1.49,1.49
GMS141,2015,1,1.53,1.53,1.53
GMS141,2015,2,1.48,1.48,1.48
GMS141,2015,3,1.46,1.46,1.46
GMS141,2015,4,1.43,1.43,1.43
GMS141,2015,5,,,
GMS141,2015,6,,,
GMS141,2015,7,,,
GMS141,2015,8,,,
GMS141,2015,9,,,
GMS141,2015,10,,,
GMS141,2015,11,,,
GMS141,2015,12,,,
GMS141,2016,1,,,
GMS141,2016,2,1.57,1.57,1.57
GMS141,2016,3,1.47,1.47,1.47
GMS141,2016,4,1.43,1.43,1.43
GMS141,2016,5,1.39,1.39,1.39
GMS141,2016,6,1.42,1.42,1.42
GMS141,2016,7,1.45,1.45,1.45
GMS141,2016,8,1.27,1.27,1.27
GMS141,2016,9,1.22,1.22,1.22
GMS141,2016,10,1.18,1.18,1.18
GMS141,2016,11,1.38,1.38,1.38
GMS141,2016,12,1.42,1.42,1.42
GMS141,2017,1,1.48,1.48,1.48
GMS141,2017,2,1.48,1.48,1.48
GMS141,2017,3,1.52,1.52,1.52
GMS141,2017,4,,,
GMS141,2017,5,,,
GMS141,2017,6,,,
GMS141,2017,7,,,
GMS141,2017,8,,,
GMS141,2017,9,,,
GMS141,2017,10,1.47,1.47,1.47
GMS141,2017,11,1.47,1.47,1.47
GMS141,2017,12,1.55,1.55,1.55
GMS141,2018,1,1.58,1.58,1.58
GMS141,2018,2,1.45,1.45,1.45
GMS141,2018,3,1.4,1.4,1.4
GMS141,2018,4,1.43,1.43,1.43
GMS141,2018,5,1.28,1.28,1.28
GMS141,2018,6,1.09,1.09,1.09
GMS141,2018,7,0.9,0.9,0.9
GMS141,2018,8,0.88,0.88,0.88
GMS141,2018,9,0.94,0.94,0.94
GMS141,2018,10,1.08,1.08,1.08
GMS141,2018,11,1.19,1.19,1.19
GMS141,2018,12,1.36,1.36,1.36
GMS141,2019,1,1.41,1.41,1.41
GMS141,2019,2,1.38,1.38,1.38
GMS141,2019,3,1.41,1.41,1.41
GMS141,2019,4,1.32,1.32,1.32
GMS141,2019,5,1.26,1.26,1.26
GMS141,2019,6,1.1,1.1,1.1
GMS141,2019,7,0.96,0.96,0.96
GMS141,2019,8,0.89,0.89,0.89
GMS141,2019,9,0.99,0.99,0.99
GMS141,2019,10,1.38,1.38,1.38
GMS141,2019,11,1.44,1.44,1.44
GMS141,2019,12,1.44,1.44,1.44
GMS141,2020,1,1.42,1.42,1.42
GMS141,2020,2,1.53,1.53,1.53
GMS141,2020,3,1.46,1.46,1.46
GMS141,2020,4,1.3,1.3,1.3
GMS141,2020,5,1.22,1.22,1.22
GMS141,2020,6,1.16,1.16,1.16
GMS141,2020,7,1.18,1.18,1.18
GMS141,2020,8,1.06,1.06,1.06
GMS141,2020,9,1.22,1.22,1.22
GMS141,2020,10,1.28,1.28,1.28
GMS141,2020,11,1.35,1.35,1.35
GMS141,2020,12,1.42,1.42,1.42
GMS141,2021,1,1.47,1.47,1.47
GMS141,2021,2,1.48,1.48,1.48
GMS141,2021,3,1.46,1.46,1.46
GMS141,2021,4,1.39,1.39,1.39
GMS141,2021,5,1.42,1.42,1.42
GMS141,2021,6,1.37,1.37,1.37
GMS141,2021,7,1.45,1.45,1.45
GMS141,2021,8,1.37,1.37,1.37
GMS141,2021,9,1.38,1.38,1.38
GMS141,2021,10,1.37,1.37,1.37
GMS141,2021,11,1.37,1.37,1.37
GMS141,2021,12,1.47,1.47,1.47
GMS027,1990,1,0.72,0.72,0.72
GMS027,1990,2,0.75,0.75,0.75
GMS027,1990,3,0.75,0.75,0.75
GMS027,1990,4,0.6,0.6,0.6
GMS027,1990,5,0.54,0.54,0.54
GMS027,1990,6,0.6,0.6,0.6
GMS027,1990,7,0.53,0.53,0.53
GMS027,1990,8,0.51,0.51,0.51
GMS027,1990,9,0.72,0.72,0.72
GMS027,1990,10,0.58,0.58,0.58
GMS027,1990,11,0.62,0.62,0.62
GMS027,1990,12,0.71,0.71,0.71
GMS027,1991,1,0.71,0.71,0.71
GMS027,1991,2,0.57,0.57,0.57
GMS027,1991,3,0.57,0.57,0.57
GMS027,1991,4,0.5,0.5,0.5
GMS027,1991,5,0.52,0.52,0.52
GMS027,1991,6,0.54,0.54,0.54
GMS027,1991,7,0.54,0.54,0.54
GMS027,1991,8,0.45,0.45,0.45
GMS027,1991,9,0.44,0.44,0.44
GMS027,1991,10,0.58,0.58,0.58
GMS027,1991,11,0.73,0.73,0.73
GMS027,1991,12,0.71,0.71,0.71
GMS027,1992,1,0.7,0.7,0.7
GMS027,1992,2,0.68,0.68,0.68
GMS027,1992,3,0.73,0.73,0.73
GMS027,1992,4,0.73,0.73,0.73
GMS027,1992,5,0.66,0.66,0.66
GMS027,1992,6,0.46,0.46,0.46
GMS027,1992,7,0.4,0.4,0.4
GMS027,1992,8,0.42,0.42,0.42
GMS027,1992,9,0.47,0.47,0.47
GMS027,1992,10,0.49,0.49,0.49
GMS027,1992,11,0.67,0.67,0.67
GMS027,1992,12,0.66,0.66,0.66
GMS027,1993,1,0.69,0.69,0.69
GMS027,1993,2,0.54,0.54,0.54
GMS027,1993,3,0.62,0.62,0.62
GMS027,1993,4,0.64,0.64,0.64
GMS027,1993,5,0.53,0.53,0.53
GMS027,1993,6,0.59,0.59,0.59
GMS027,1993,7,0.63,0.63,0.63
GMS027,1993,8,0.78,0.78,0.78
GMS027,1993,9,0.74,0.74,0.74
GMS027,1993,10,0.84,0.84,0.84
GMS027,1993,11,0.87,0.87,0.87
GMS027,1993,12,0.91,0.91,0.91
GMS027,1994,1,0.86,0.86,0.86
GMS027,1994,2,0.73,0.73,0.73
GMS027,1994,3,0.85,0.85,0.85
GMS027,1994,4,0.8,0.8,0.8
GMS027,1994,5,0.69,0.69,0.69
GMS027,1994,6,0.68,0.68,0.68
GMS027,1994,7,0.61,0.61,0.61
GMS027,1994,8,0.51,0.51,0.51
GMS027,1994,9,0.61,0.61,0.61
GMS027,1994,10,0.58,0.58,0.58
GMS027,1994,11,0.67,0.67,0.67
GMS027,1994,12,0.8,0.8,0.8
GMS027,1995,1,0.84,0.84,0.84
GMS027,1995,2,0.91,0.91,0.91
GMS027,1995,3,0.83,0.83,0.83
GMS027,1995,4,0.83,0.83,0.83
GMS027,1995,5,0.61,0.61,0.61
GMS027,1995,6,0.57,0.57,0.57
GMS027,1995,7,0.57,0.57,0.57
GMS027,1995,8,0.37,0.37,0.37
GMS027,1995,9,0.67,0.67,0.67
GMS027,1995,10,0.65,0.65,0.65
GMS027,1995,11,0.67,0.67,0.67
GMS027,1995,12,0.64,0.64,0.64
GMS027,1996,1,0.58,0.58,0.58
GMS027,1996,2,0.6,0.6,0.6
GMS027,1996,3,0.66,0.66,0.66
GMS027,1996,4,0.6,0.6,0.6
GMS027,1996,5,0.57,0.57,0.57
GMS027,1996,6,0.69,0.69,0.69
GMS027,1996,7,0.6,0.6,0.6
GMS027,1996,8,0.45,0.45,0.45
GMS027,1996,9,0.54,0.54,0.54
GMS027,1996,10,0.54,0.54,0.54
GMS027,1996,11,0.63,0.63,0.63
GMS027,1996,12,0.65,0.65,0.65
GMS027,1997,1,0.54,0.54,0.54
GMS027,1997,2,0.67,0.67,0.67
GMS027,1997,3,0.8,0.8,0.8
GMS027,1997,4,0.82,0.82,0.82
GMS027,1997,5,0.84,0.84,0.84
GMS027,1997,6,0.71,0.71,0.71
GMS027,1997,7,0.72,0.72,0.72
GMS027,1997,8,0.64,0.64,0.64
GMS027,1997,9,0.55,0.55,0.55
GMS027,1997,10,0.54,0.54,0.54
GMS027,1997,11,0.58,0.58,0.58
GMS027,1997,12,0.68,0.68,0.68
GMS027,1998,1,0.85,0.85,0.85
GMS027,1998,2,0.77,0.77,0.77
GMS027,1998,3,0.84,0.84,0.84
GMS027,1998,4,0.87,0.87,0.87
GMS027,1998,5,0.78,0.78,0.78
GMS027,1998,6,0.78,0.78,0.78
GMS027,1998,7,0.69,0.69,0.69
GMS027,1998,8,0.6,0.6,0.6
GMS027,1998,9,0.68,0.68,0.68
GMS027,1998,10,0.77,0.77,0.77
GMS027,1998,11,0.82,0.82,0.82
GMS027,1998,12,0.8,0.8,0.8
GMS027,1999,1,0.78,0.78,0.78
GMS027,1999,2,0.79,0.79,0.79
GMS027,1999,3,0.81,0.81,0.81
GMS027,1999,4,0.71,0.71,0.71
GMS027,1999,5,0.66,0.66,0.66
GMS027,1999,6,0.61,0.61,0.61
GMS027,1999,7,0.5,0.5,0.5
GMS027,1999,8,0.47,0.47,0.47
GMS027,1999,9,0.43,0.43,0.43
GMS027,1999,10,0.48,0.48,0.48
GMS027,1999,11,0.46,0.46,0.46
GMS027,1999,12,0.65,0.65,0.65
GMS027,2000,1,0.72,0.72,0.72
GMS027,2000,2,0.75,0.75,0.75
GMS027,2000,3,0.85,0.85,0.85
GMS027,2000,4,0.8,0.8,0.8
GMS027,2000,5,0.65,0.65,0.65
GMS027,2000,6,0.57,0.57,0.57
GMS027,2000,7,0.57,0.57,0.57
GMS027,2000,8,0.66,0.66,0.66
GMS027,2000,9,0.68,0.68,0.68
GMS027,2000,10,0.68,0.68,0.68
GMS027,2000,11,0.66,0.66,0.66
GMS027,2000,12,0.67,0.67,0.67
GMS027,2001,1,0.72,0.72,0.72
GMS027,2001,2,0.72,0.72,0.72
GMS027,2001,3,0.76,0.76,0.76
GMS027,2001,4,0.8,0.8,0.8
GMS027,2001,5,0.7,0.7,0.7
GMS027,2001,6,0.67,0.67,0.67
GMS027,2001,7,0.65,0.65,0.65
GMS027,2001,8,0.61,0.61,0.61
GMS027,2001,9,0.76,0.76,0.76
GMS027,2001,10,0.73,0.73,0.73
GMS027,2001,11,0.7,0.7,0.7
GMS027,2001,12,0.76,0.76,0.76
GMS027,2002,1,0.78,0.78,0.78
GMS027,2002,2,0.81,0.81,0.81
GMS027,2002,3,0.77,0.77,0.77
GMS027,2002,4,0.73,0.73,0.73
GMS027,2002,5,0.74,0.74,0.74
GMS027,2002,6,0.64,0.64,0.64
GMS027,2002,7,0.75,0.75,0.75
GMS027,2002,8,0.75,0.75,0.75
GMS027,2002,9,0.64,0.64,0.64
GMS027,2002,10,0.76,0.76,0.76
GMS027,2002,11,0.89,0.89,0.89
GMS027,2002,12,0.78,0.78,0.78
GMS027,2003,1,0.92,0.92,0.92
GMS027,2003,2,0.84,0.84,0.84
GMS027,2003,3,0.8,0.8,0.8
GMS027,2003,4,0.71,0.71,0.71
GMS027,2003,5,0.75,0.75,0.75
GMS027,2003,6,0.64,0.64,0.64
GMS027,2003,7,0.58,0.58,0.58
GMS027,2003,8,0.38,0.38,0.38
GMS027,2003,9,0.45,0.45,0.45
GMS027,2003,10,0.55,0.55,0.55
GMS027,2003,11,0.52,0.52,0.52
GMS027,2003,12,0.63,0.63,0.63
GMS027,2004,1,0.79,0.79,0.79
GMS027,2004,2,0.84,0.84,0.84
GMS027,2004,3,0.73,0.73,0.73
GMS027,2004,4,,,
GMS027,2004,5,0.61,0.61,0.61
GMS027,2004,6,0.58,0.58,0.58
GMS027,2004,7,0.67,0.67,0.67
GMS027,2004,8,0.55,0.55,0.55
GMS027,2004,9,,,
GMS027,2004,10,,,
GMS027,2004,11,,,
GMS027,2004,12,0.71,0.71,0.71
GMS027,2005,1,0.76,0.76,0.76
GMS027,2005,2,0.78,0.78,0.78
GMS027,2005,3,0.76,0.76,0.76
GMS027,2005,4,,,
GMS027,2005,5,0.74,0.74,0.74
GMS027,2005,6,0.64,0.64,0.64
GMS027,2005,7,,,
GMS027,2005,8,,,
GMS027,2005,9,,,
GMS027,2005,10,0.7,0.7,0.7
GMS027,2005,11,0.7,0.7,0.7
GMS027,2005,12,,,
GMS027,2006,1,,,
GMS027,2006,2,,,
GMS027,2006,3,,,
GMS027,2006,4,0.78,0.78,0.78
GMS027,2006,5,0.74,0.74,0.74
GMS027,2006,6,0.64,0.64,0.64
GMS027,2006,7,0.46,0.46,0.46
GMS027,2006,8,0.56,0.56,0.56
GMS027,2006,9,0.56,0.56,0.56
GMS027,2006,10,0.51,0.51,0.51
GMS027,2006,11,0.62,0.62,0.62
GMS027,2006,12,0.68,0.68,0.68
GMS027,2007,1,0.83,0.83,0.83
GMS027,2007,2,0.84,0.84,0.84
GMS027,2007,3,0.83,0.83,0.83
GMS027,2007,4,0.68,0.68,0.68
GMS027,2007,5,0.68,0.68,0.68
GMS027,2007,6,0.66,0.66,0.66
GMS027,2007,7,0.72,0.72,0.72
GMS027,2007,8,0.63,0.63,0.63
GMS027,2007,9,0.65,0.65,0.65
GMS027,2007,10,0.65,0.65,0.65
GMS027,2007,11,0.78,0.78,0.78
GMS027,2007,12,0.8,0.8,0.8
GMS027,2008,1,0.79,0.79,0.79
GMS027,2008,2,0.79,0.79,0.79
GMS027,2008,3,0.83,0.83,0.83
GMS027,2008,4,0.75,0.75,0.75
GMS027,2008,5,0.62,0.62,0.62
GMS027,2008,6,0.51,0.51,0.51
GMS027,2008,7,0.65,0.65,0.65
GMS027,2008,8,0.66,0.66,0.66
GMS027,2008,9,0.55,0.55,0.55
GMS027,2008,10,0.62,0.62,0.62
GMS027,2008,11,0.64,0.64,0.64
GMS027,2008,12,0.64,0.64,0.64
GMS027,2009,1,0.65,0.65,0.65
GMS027,2009,2,0.69,0.69,0.69
GMS027,2009,3,0.77,0.77,0.77
GMS027,2009,4,0.69,0.69,0.69
GMS027,2009,5,0.6,0.6,0.6
GMS027,2009,6,0.6,0.6,0.6
GMS027,2009,7,0.56,0.56,0.56
GMS027,2009,8,0.47,0.47,0.47
GMS027,2009,9,0.41,0.41,0.41
GMS027,2009,10,0.44,0.44,0.44
GMS027,2009,11,0.61,0.61,0.61
GMS027,2009,12,0.69,0.69,0.69
GMS027,2010,1,0.69,0.69,0.69
GMS027,2010,2,0.72,0.72,0.72
GMS027,2010,3,0.81,0.81,0.81
GMS027,2010,4,0.73,0.73,0.73
GMS027,2010,5,0.67,0.67,0.67
GMS027,2010,6,0.58,0.58,0.58
GMS027,2010,7,0.41,0.41,0.41
GMS027,2010,8,0.47,0.47,0.47
GMS027,2010,9,0.61,0.61,0.61
GMS027,2010,10,0.64,0.64,0.64
GMS027,2010,11,0.72,0.72,0.72
GMS027,2010,12,0.7,0.7,0.7
GMS027,2011,1,0.78,0.78,0.78
GMS027,2011,2,0.76,0.76,0.76
GMS027,2011,3,0.66,0.66,0.66
GMS027,2011,4,0.59,0.59,0.59
GMS027,2011,5,0.51,0.51,0.51
GMS027,2011,6,0.51,0.51,0.51
GMS027,2011,7,0.53,0.53,0.53
GMS027,2011,8,0.64,0.64,0.64
GMS027,2011,9,0.67,0.67,0.67
GMS027,2011,10,0.68,0.68,0.68
GMS027,2011,11,0.6,0.6,0.6
GMS027,2011,12,0.82,0.82,0.82
GMS027,2012,1,0.89,0.89,0.89
GMS027,2012,2,0.75,0.75,0.75
GMS027,2012,3,0.72,0.72,0.72
GMS027,2012,4,0.67,0.67,0.67
GMS027,2012,5,0.6,0.6,0.6
GMS027,2012,6,0.56,0.56,0.56
GMS027,2012,7,0.5,0.5,0.5
GMS027,2012,8,0.48,0.48,0.48
GMS027,2012,9,0.43,0.43,0.43
GMS027,2012,10,0.53,0.53,0.53
GMS027,2012,11,0.53,0.53,0.53
GMS027,2012,12,0.62,0.62,0.62
GMS027,2013,1,0.7,0.7,0.7
GMS027,2013,2,0.74,0.74,0.74
GMS027,2013,3,0.65,0.65,0.65
GMS027,2013,4,0.63,0.63,0.63
GMS027,2013,5,0.66,0.66,0.66
GMS027,2013,6,0.71,0.71,0.71
GMS027,2013,7,0.62,0.62,0.62
GMS027,2013,8,0.55,0.55,0.55
GMS027,2013,9,0.54,0.54,0.54
GMS027,2013,10,0.54,0.54,0.54
GMS027,2013,11,0.67,0.67,0.67
GMS027,2013,12,0.7,0.7,0.7
GMS027,2014,1,0.69,0.69,0.69
GMS027,2014,2,0.67,0.67,0.67
GMS027,2014,3,0.66,0.66,0.66
GMS027,2014,4,0.63,0.63,0.63
GMS027,2014,5,0.68,0.68,0.68
GMS027,2014,6,0.64,0.64,0.64
GMS027,2014,7,0.59,0.59,0.59
GMS027,2014,8,0.51,0.51,0.51
GMS027,2014,9,0.45,0.45,0.45
GMS027,2014,10,0.49,0.49,0.49
GMS027,2014,11,0.54,0.54,0.54
GMS027,2014,12,0.63,0.63,0.63
GMS027,2015,1,0.76,0.76,0.76
GMS027,2015,2,0.73,0.73,0.73
GMS027,2015,3,0.72,0.72,0.72
GMS027,2015,4,,,
GMS027,2015,5,,,
GMS027,2015,6,,,
GMS027,2015,7,,,
GMS027,2015,8,,,
GMS027,2015,9,,,
GMS027,2015,10,,,
GMS027,2015,11,,,
GMS027,2015,12,,,
GMS027,2016,1,,,
GMS027,2016,2,0.81,0.81,0.81
GMS027,2016,3,0.73,0.73,0.73
GMS027,2016,4,0.71,0.71,0.71
GMS027,2016,5,0.66,0.66,0.66
GMS027,2016,6,0.6,0.6,0.6
GMS027,2016,7,0.63,0.63,0.63
GMS027,2016,8,0.56,0.56,0.56
GMS027,2016,9,0.45,0.45,0.45
GMS027,2016,10,0.42,0.42,0.42
GMS027,2016,11,0.48,0.48,0.48
GMS027,2016,12,0.53,0.53,0.53
GMS027,2017,1,0.61,0.61,0.61
GMS027,2017,2,0.63,0.63,0.63
GMS027,2017,3,0.7,0.7,0.7
GMS027,2017,4,0.65,0.65,0.65
GMS027,2017,5,0.59,0.59,0.59
GMS027,2017,6,0.54,0.54,0.54
GMS027,2017,7,0.62,0.62,0.62
GMS027,2017,8,0.59,0.59,0.59
GMS027,2017,9,0.6,0.6,0.6
GMS027,2017,10,0.72,0.72,0.72
GMS027,2017,11,0.73,0.73,0.73
GMS027,2017,12,0.79,0.79,0.79
GMS027,2018,1,0.8,0.8,0.8
GMS027,2018,2,0.72,0.72,0.72
GMS027,2018,3,0.64,0.64,0.64
GMS027,2018,4,0.71,0.71,0.71
GMS027,2018,5,,,
GMS027,2018,6,0.46,0.46,0.46
GMS027,2018,7,0.31,0.31,0.31
GMS027,2018,8,0.29,0.29,0.29
GMS027,2018,9,0.35,0.35,0.35
GMS027,2018,10,0.38,0.38,0.38
GMS027,2018,11,0.41,0.41,0.41
GMS027,2018,12,0.51,0.51,0.51
GMS027,2019,1,0.64,0.64,0.64
GMS027,2019,2,0.66,0.66,0.66
GMS027,2019,3,,,
GMS027,2019,4,,,
GMS027,2019,5,,,
GMS027,2019,6,,,
GMS027,2019,7,,,
GMS027,2019,8,,,
GMS027,2019,9,,,
GMS027,2019,10,,,
GMS027,2019,11,0.65,0.65,0.65
GMS027,2019,12,0.64,0.64,0.64
GMS027,2020,1,0.62,0.62,0.62
GMS027,2020,2,0.74,0.74,0.74
GMS027,2020,3,0.75,0.75,0.75
GMS027,2020,4,0.58,0.58,0.58
GMS027,2020,5,0.49,0.49,0.49
GMS027,2020,6,0.4,0.4,0.4
GMS027,2020,7,0.41,0.41,0.41
GMS027,2020,8,0.34,0.34,0.34
GMS027,2020,9,0.45,0.45,0.45
GMS027,2020,10,0.42,0.42,0.42
GMS027,2020,11,0.47,0.47,0.47
GMS027,2020,12,0.51,0.51,0.51
GMS027,2021,1,0.59,0.59,0.59
GMS027,2021,2,0.62,0.62,0.62
GMS027,2021,3,0.66,0.66,0.66
GMS027,2021,4,0.62,0.62,0.62
GMS027,2021,5,0.61,0.61,0.61
GMS027,2021,6,0.5,0.5,0.5
GMS027,2021,7,0.49,0.49,0.49
GMS027,2021,8,0.46,0.46,0.46
GMS027,2021,9,0.46,0.46,0.46
GMS027,2021,10,0.46,0.46,0.46
GMS027,2021,11,0.48,0.48,0.48
GMS027,2021,12,0.55,0.55,0.55
GMS119,1990,1,0.75,0.75,0.75
GMS119,1990,2,0.63,0.63,0.63
GMS119,1990,3,0.79,0.79,0.79
GMS119,1990,4,0.8,0.8,0.8
GMS119,1990,5,0.73,0.73,0.73
GMS119,1990,6,0.74,0.74,0.74
GMS119,1990,7,0.74,0.74,0.74
GMS119,1990,8,0.69,0.69,0.69
GMS119,1990,9,0.77,0.77,0.77
GMS119,1990,10,0.66,0.66,0.66
GMS119,1990,11,0.65,0.65,0.65
GMS119,1990,12,0.65,0.65,0.65
GMS119,1991,1,0.83,0.83,0.83
GMS119,1991,2,0.79,0.79,0.79
GMS119,1991,3,0.75,0.75,0.75
GMS119,1991,4,0.65,0.65,0.65
GMS119,1991,5,0.72,0.72,0.72
GMS119,1991,6,0.72,0.72,0.72
GMS119,1991,7,0.57,0.57,0.57
GMS119,1991,8,0.67,0.67,0.67
GMS119,1991,9,0.64,0.64,0.64
GMS119,1991,10,0.64,0.64,0.64
GMS119,1991,11,0.7,0.7,0.7
GMS119,1991,12,0.85,0.85,0.85
GMS119,1992,1,0.88,0.88,0.88
GMS119,1992,2,0.87,0.87,0.87
GMS119,1992,3,0.95,0.95,0.95
GMS119,1992,4,1.0,1.0,1.0
GMS119,1992,5,1.0,1.0,1.0
GMS119,1992,6,0.87,0.87,0.87
GMS119,1992,7,0.78,0.78,0.78
GMS119,1992,8,0.73,0.73,0.73
GMS119,1992,9,0.72,0.72,0.72
GMS119,1992,10,0.7,0.7,0.7
GMS119,1992,11,0.69,0.69,0.69
GMS119,1992,12,0.74,0.74,0.74
GMS119,1993,1,1.01,1.01,1.01
GMS119,1993,2,1.07,1.07,1.07
GMS119,1993,3,0.99,0.99,0.99
GMS119,1993,4,0.92,0.92,0.92
GMS119,1993,5,0.84,0.84,0.84
GMS119,1993,6,0.81,0.81,0.81
GMS119,1993,7,0.85,0.85,0.85
GMS119,1993,8,1.04,1.04,1.04
GMS119,1993,9,1.04,1.04,1.04
GMS119,1993,10,1.12,1.12,1.12
GMS119,1993,11,0.94,0.94,0.94
GMS119,1993,12,0.97,0.97,0.97
GMS119,1994,1,0.99,0.99,0.99
GMS119,1994,2,1.17,1.17,1.17
GMS119,1994,3,1.33,1.33,1.33
GMS119,1994,4,1.39,1.39,1.39
GMS119,1994,5,1.14,1.14,1.14
GMS119,1994,6,1.05,1.05,1.05
GMS119,1994,7,0.98,0.98,0.98
GMS119,1994,8,0.91,0.91,0.91
GMS119,1994,9,0.92,0.92,0.92
GMS119,1994,10,0.89,0.89,0.89
GMS119,1994,11,0.62,0.62,0.62
GMS119,1994,12,0.61,0.61,0.61
GMS119,1995,1,1.14,1.14,1.14
GMS119,1995,2,1.38,1.38,1.38
GMS119,1995,3,1.3,1.3,1.3
GMS119,1995,4,1.29,1.29,1.29
GMS119,1995,5,1.12,1.12,1.12
GMS119,1995,6,1.07,1.07,1.07
GMS119,1995,7,0.96,0.96,0.96
GMS119,1995,8,0.83,0.83,0.83
GMS119,1995,9,0.91,0.91,0.91
GMS119,1995,10,0.9,0.9,0.9
GMS119,1995,11,0.88,0.88,0.88
GMS119,1995,12,0.8,0.8,0.8
GMS119,1996,1,0.7,0.7,0.7
GMS119,1996,2,0.64,0.64,0.64
GMS119,1996,3,0.65,0.65,0.65
GMS119,1996,4,0.65,0.65,0.65
GMS119,1996,5,0.67,0.67,0.67
GMS119,1996,6,0.71,0.71,0.71
GMS119,1996,7,0.73,0.73,0.73
GMS119,1996,8,0.66,0.66,0.66
GMS119,1996,9,0.66,0.66,0.66
GMS119,1996,10,0.67,0.67,0.67
GMS119,1996,11,0.78,0.78,0.78
GMS119,1996,12,0.83,0.83,0.83
GMS119,1997,1,0.73,0.73,0.73
GMS119,1997,2,0.79,0.79,0.79
GMS119,1997,3,0.93,0.93,0.93
GMS119,1997,4,0.98,0.98,0.98
GMS119,1997,5,0.99,0.99,0.99
GMS119,1997,6,0.96,0.96,0.96
GMS119,1997,7,0.97,0.97,0.97
GMS119,1997,8,0.89,0.89,0.89
GMS119,1997,9,0.85,0.85,0.85
GMS119,1997,10,0.83,0.83,0.83
GMS119,1997,11,0.76,0.76,0.76
GMS119,1997,12,0.73,0.73,0.73
GMS119,1998,1,0.9,0.9,0.9
GMS119,1998,2,0.93,0.93,0.93
GMS119,1998,3,1.01,1.01,1.01
GMS119,1998,4,0.97,0.97,0.97
GMS119,1998,5,0.9,0.9,0.9
GMS119,1998,6,0.92,0.92,0.92
GMS119,1998,7,1.03,1.03,1.03
GMS119,1998,8,0.98,0.98,0.98
GMS119,1998,9,0.99,0.99,0.99
GMS119,1998,10,1.05,1.05,1.05
GMS119,1998,11,1.31,1.31,1.31
GMS119,1998,12,1.28,1.28,1.28
GMS119,1999,1,1.32,1.32,1.32
GMS119,1999,2,1.32,1.32,1.32
GMS119,1999,3,1.37,1.37,1.37
GMS119,1999,4,1.17,1.17,1.17
GMS119,1999,5,1.05,1.05,1.05
GMS119,1999,6,0.97,0.97,0.97
GMS119,1999,7,0.86,0.86,0.86
GMS119,1999,8,0.83,0.83,0.83
GMS119,1999,9,0.76,0.76,0.76
GMS119,1999,10,0.76,0.76,0.76
GMS119,1999,11,0.65,0.65,0.65
GMS119,1999,12,0.85,0.85,0.85
GMS119,2000,1,0.96,0.96,0.96
GMS119,2000,2,1.05,1.05,1.05
GMS119,2000,3,1.17,1.17,1.17
GMS119,2000,4,1.11,1.11,1.11
GMS119,2000,5,0.96,0.96,0.96
GMS119,2000,6,0.87,0.87,0.87
GMS119,2000,7,0.85,0.85,0.85
GMS119,2000,8,0.85,0.85,0.85
GMS119,2000,9,0.84,0.84,0.84
GMS119,2000,10,0.84,0.84,0.84
GMS119,2000,11,0.81,0.81,0.81
GMS119,2000,12,0.82,0.82,0.82
GMS119,2001,1,0.86,0.86,0.86
GMS119,2001,2,0.95,0.95,0.95
GMS119,2001,3,0.88,0.88,0.88
GMS119,2001,4,0.9,0.9,0.9
GMS119,2001,5,0.89,0.89,0.89
GMS119,2001,6,0.86,0.86,0.86
GMS119,2001,7,0.84,0.84,0.84
GMS119,2001,8,0.85,0.85,0.85
GMS119,2001,9,1.01,1.01,1.01
GMS119,2001,10,1.08,1.08,1.08
GMS119,2001,11,1.02,1.02,1.02
GMS119,2001,12,1.07,1.07,1.07
GMS119,2002,1,1.14,1.14,1.14
GMS119,2002,2,1.26,1.26,1.26
GMS119,2002,3,1.33,1.33,1.33
GMS119,2002,4,1.16,1.16,1.16
GMS119,2002,5,1.15,1.15,1.15
GMS119,2002,6,1.06,1.06,1.06
GMS119,2002,7,1.16,1.16,1.16
GMS119,2002,8,1.26,1.26,1.26
GMS119,2002,9,1.09,1.09,1.09
GMS119,2002,10,1.05,1.05,1.05
GMS119,2002,11,1.22,1.22,1.22
GMS119,2002,12,1.08,1.08,1.08
GMS119,2003,1,1.28,1.28,1.28
GMS119,2003,2,1.27,1.27,1.27
GMS119,2003,3,1.11,1.11,1.11
GMS119,2003,4,1.04,1.04,1.04
GMS119,2003,5,1.02,1.02,1.02
GMS119,2003,6,0.99,0.99,0.99
GMS119,2003,7,0.94,0.94,0.94
GMS119,2003,8,0.83,0.83,0.83
GMS119,2003,9,0.8,0.8,0.8
GMS119,2003,10,0.8,0.8,0.8
GMS119,2003,11,0.74,0.74,0.74
GMS119,2003,12,0.76,0.76,0.76
GMS119,2004,1,0.9,0.9,0.9
GMS119,2004,2,1.06,1.06,1.06
GMS119,2004,3,0.93,0.93,0.93
GMS119,2004,4,0.99,0.99,0.99
GMS119,2004,5,0.97,0.97,0.97
GMS119,2004,6,0.95,0.95,0.95
GMS119,2004,7,0.95,0.95,0.95
GMS119,2004,8,0.9,0.9,0.9
GMS119,2004,9,0.89,0.89,0.89
GMS119,2004,10,0.92,0.92,0.92
GMS119,2004,11,0.93,0.93,0.93
GMS119,2004,12,1.03,1.03,1.03
GMS119,2005,1,1.09,1.09,1.09
GMS119,2005,2,1.15,1.15,1.15
GMS119,2005,3,1.1,1.1,1.1
GMS119,2005,4,1.01,1.01,1.01
GMS119,2005,5,0.99,0.99,0.99
GMS119,2005,6,0.96,0.96,0.96
GMS119,2005,7,0.89,0.89,0.89
GMS119,2005,8,1.01,1.01,1.01
GMS119,2005,9,0.91,0.91,0.91
GMS119,2005,10,0.83,0.83,0.83
GMS119,2005,11,0.82,0.82,0.82
GMS119,2005,12,0.9,0.9,0.9
GMS119,2006,1,0.91,0.91,0.91
GMS119,2006,2,0.9,0.9,0.9
GMS119,2006,3,0.88,0.88,0.88
GMS119,2006,4,1.02,1.02,1.02
GMS119,2006,5,1.02,1.02,1.02
GMS119,2006,6,0.96,0.96,0.96
GMS119,2006,7,0.82,0.82,0.82
GMS119,2006,8,0.81,0.81,0.81
GMS119,2006,9,0.86,0.86,0.86
GMS119,2006,10,0.79,0.79,0.79
GMS119,2006,11,0.83,0.83,0.83
GMS119,2006,12,0.91,0.91,0.91
GMS119,2007,1,1.05,1.05,1.05
GMS119,2007,2,1.16,1.16,1.16
GMS119,2007,3,1.22,1.22,1.22
GMS119,2007,4,1.11,1.11,1.11
GMS119,2007,5,1.02,1.02,1.02
GMS119,2007,6,1.02,1.02,1.02
GMS119,2007,7,1.05,1.05,1.05
GMS119,2007,8,1.03,1.03,1.03
GMS119,2007,9,0.99,0.99,0.99
GMS119,2007,10,0.96,0.96,0.96
GMS119,2007,11,1.07,1.07,1.07
GMS119,2007,12,0.88,0.88,0.88
GMS119,2008,1,0.71,0.71,0.71
GMS119,2008,2,1.02,1.02,1.02
GMS119,2008,3,1.17,1.17,1.17
GMS119,2008,4,1.18,1.18,1.18
GMS119,2008,5,1.04,1.04,1.04
GMS119,2008,6,0.96,0.96,0.96
GMS119,2008,7,0.93,0.93,0.93
GMS119,2008,8,,,
GMS119,2008,9,,,
GMS119,2008,10,,,
GMS119,2008,11,,,
GMS119,2008,12,,,
GMS119,2009,1,,,
GMS119,2009,2,,,
GMS119,2009,3,,,
GMS119,2009,4,0.97,0.97,0.97
GMS119,2009,5,0.88,0.88,0.88
GMS119,2009,6,0.85,0.85,0.85
GMS119,2009,7,0.83,0.83,0.83
GMS119,2009,8,0.77,0.77,0.77
GMS119,2009,9,0.71,0.71,0.71
GMS119,2009,10,0.71,0.71,0.71
GMS119,2009,11,0.79,0.79,0.79
GMS119,2009,12,0.89,0.89,0.89
GMS119,2010,1,0.88,0.88,0.88
GMS119,2010,2,0.9,0.9,0.9
GMS119,2010,3,1.04,1.04,1.04
GMS119,2010,4,1.08,1.08,1.08
GMS119,2010,5,1.0,1.0,1.0
GMS119,2010,6,0.93,0.93,0.93
GMS119,2010,7,0.82,0.82,0.82
GMS119,2010,8,0.81,0.81,0.81
GMS119,2010,9,0.87,0.87,0.87
GMS119,2010,10,0.81,0.81,0.81
GMS119,2010,11,,,
GMS119,2010,12,,,
GMS119,2011,1,,,
GMS119,2011,2,,,
GMS119,2011,3,,,
GMS119,2011,4,,,
GMS119,2011,5,,,
GMS119,2011,6,,,
GMS119,2011,7,,,
GMS119,2011,8,,,
GMS119,2011,9,,,
GMS119,2011,10,,,
GMS119,2011,11,0.78,0.78,0.78
GMS119,2011,12,0.96,0.96,0.96
GMS119,2012,1,1.25,1.25,1.25
GMS119,2012,2,1.13,1.13,1.13
GMS119,2012,3,1.03,1.03,1.03
GMS119,2012,4,0.99,0.99,0.99
GMS119,2012,5,0.87,0.87,0.87
GMS119,2012,6,0.79,0.79,0.79
GMS119,2012,7,0.72,0.72,0.72
GMS119,2012,8,0.71,0.71,0.71
GMS119,2012,9,0.71,0.71,0.71
GMS119,2012,10,0.77,0.77,0.77
GMS119,2012,11,0.76,0.76,0.76
GMS119,2012,12,0.8,0.8,0.8
GMS119,2013,1,0.94,0.94,0.94
GMS119,2013,2,1.03,1.03,1.03
GMS119,2013,3,0.96,0.96,0.96
GMS119,2013,4,0.89,0.89,0.89
GMS119,2013,5,0.92,0.92,0.92
GMS119,2013,6,1.06,1.06,1.06
GMS119,2013,7,0.99,0.99,0.99
GMS119,2013,8,0.89,0.89,0.89
GMS119,2013,9,0.85,0.85,0.85
GMS119,2013,10,0.8,0.8,0.8
GMS119,2013,11,0.91,0.91,0.91
GMS119,2013,12,0.98,0.98,0.98
GMS119,2014,1,0.99,0.99,0.99
GMS119,2014,2,0.93,0.93,0.93
GMS119,2014,3,0.93,0.93,0.93
GMS119,2014,4,0.91,0.91,0.91
GMS119,2014,5,0.94,0.94,0.94
GMS119,2014,6,0.95,0.95,0.95
GMS119,2014,7,0.93,0.93,0.93
GMS119,2014,8,0.87,0.87,0.87
GMS119,2014,9,0.8,0.8,0.8
GMS119,2014,10,0.78,0.78,0.78
GMS119,2014,11,0.77,0.77,0.77
GMS119,2014,12,0.81,0.81,0.81
GMS119,2015,1,1.03,1.03,1.03
GMS119,2015,2,1.05,1.05,1.05
GMS119,2015,3,1.06,1.06,1.06
GMS119,2015,4,,,
GMS119,2015,5,,,
GMS119,2015,6,,,
GMS119,2015,7,0.85,0.85,0.85
GMS119,2015,8,0.89,0.89,0.89
GMS119,2015,9,0.95,0.95,0.95
GMS119,2015,10,0.92,0.92,0.92
GMS119,2015,11,0.99,0.99,0.99
GMS119,2015,12,1.14,1.14,1.14
GMS119,2016,1,1.1,1.1,1.1
GMS119,2016,2,1.25,1.25,1.25
GMS119,2016,3,1.21,1.21,1.21
GMS119,2016,4,1.13,1.13,1.13
GMS119,2016,5,1.1,1.1,1.1
GMS119,2016,6,1.04,1.04,1.04
GMS119,2016,7,1.05,1.05,1.05
GMS119,2016,8,0.94,0.94,0.94
GMS119,2016,9,0.86,0.86,0.86
GMS119,2016,10,0.77,0.77,0.77
GMS119,2016,11,0.74,0.74,0.74
GMS119,2016,12,0.73,0.73,0.73
GMS119,2017,1,0.82,0.82,0.82
GMS119,2017,2,0.82,0.82,0.82
GMS119,2017,3,0.94,0.94,0.94
GMS119,2017,4,0.97,0.97,0.97
GMS119,2017,5,0.9,0.9,0.9
GMS119,2017,6,0.85,0.85,0.85
GMS119,2017,7,0.91,0.91,0.91
GMS119,2017,8,0.91,0.91,0.91
GMS119,2017,9,,,
GMS119,2017,10,,,
GMS119,2017,11,,,
GMS119,2017,12,,,
GMS119,2018,1,,,
GMS119,2018,2,,,
GMS119,2018,3,,,
GMS119,2018,4,,,
GMS119,2018,5,,,
GMS119,2018,6,,,
GMS119,2018,7,,,
GMS119,2018,8,,,
GMS119,2018,9,,,
GMS119,2018,10,,,
GMS119,2018,11,,,
GMS119,2018,12,,,
GMS119,2019,1,,,
GMS119,2019,2,,,
GMS119,2019,3,,,
GMS119,2019,4,,,
GMS119,2019,5,,,
GMS119,2019,6,,,
GMS119,2019,7,,,
GMS119,2019,8,,,
GMS119,2019,9,,,
GMS119,2019,10,,,
GMS119,2019,11,0.82,0.82,0.82
GMS119,2019,12,0.87,0.87,0.87
GMS119,2020,1,0.91,0.91,0.91
GMS119,2020,2,1.04,1.04,1.04
GMS119,2020,3,1.22,1.22,1.22
GMS119,2020,4,1.09,1.09,1.09
GMS119,2020,5,0.95,0.95,0.95
GMS119,2020,6,0.87,0.87,0.87
GMS119,2020,7,0.79,0.79,0.79
GMS119,2020,8,0.71,0.71,0.71
GMS119,2020,9,0.71,0.71,0.71
GMS119,2020,10,0.66,0.66,0.66
GMS119,2020,11,0.66,0.66,0.66
GMS119,2020,12,0.66,0.66,0.66
GMS119,2021,1,0.75,0.75,0.75
GMS119,2021,2,0.83,0.83,0.83
GMS119,2021,3,0.94,0.94,0.94
GMS119,2021,4,0.98,0.98,0.98
GMS119,2021,5,0.97,0.97,0.97
GMS119,2021,6,0.91,0.91,0.91
GMS119,2021,7,0.9,0.9,0.9
GMS119,2021,8,0.86,0.86,0.86
GMS119,2021,9,0.85,0.85,0.85
GMS119,2021,10,0.84,0.84,0.84
GMS119,2021,11,0.83,0.83,0.83
GMS119,2021,12,0.87,0.87,0.87
GMS004,1990,1,1.53,1.53,1.53
GMS004,1990,2,1.59,1.59,1.59
GMS004,1990,3,1.59,1.59,1.59
GMS004,1990,4,1.51,1.51,1.51
GMS004,1990,5,1.46,1.46,1.46
GMS004,1990,6,1.38,1.38,1.38
GMS004,1990,7,1.42,1.42,1.42
GMS004,1990,8,1.37,1.37,1.37
GMS004,1990,9,1.47,1.47,1.47
GMS004,1990,10,1.5,1.5,1.5
GMS004,1990,11,1.49,1.49,1.49
GMS004,1990,12,1.44,1.44,1.44
GMS004,1991,1,1.65,1.65,1.65
GMS004,1991,2,1.54,1.54,1.54
GMS004,1991,3,1.54,1.54,1.54
GMS004,1991,4,1.52,1.52,1.52
GMS004,1991,5,1.49,1.49,1.49
GMS004,1991,6,1.5,1.5,1.5
GMS004,1991,7,1.47,1.47,1.47
GMS004,1991,8,1.4,1.4,1.4
GMS004,1991,9,1.36,1.36,1.36
GMS004,1991,10,1.44,1.44,1.44
GMS004,1991,11,1.7,1.7,1.7
GMS004,1991,12,1.63,1.63,1.63
GMS004,1992,1,1.69,1.69,1.69
GMS004,1992,2,1.69,1.69,1.69
GMS004,1992,3,1.73,1.73,1.73
GMS004,1992,4,1.64,1.64,1.64
GMS004,1992,5,1.62,1.62,1.62
GMS004,1992,6,1.45,1.45,1.45
GMS004,1992,7,1.38,1.38,1.38
GMS004,1992,8,1.35,1.35,1.35
GMS004,1992,9,1.39,1.39,1.39
GMS004,1992,10,1.42,1.42,1.42
GMS004,1992,11,1.61,1.61,1.61
GMS004,1992,12,1.64,1.64,1.64
GMS004,1993,1,1.79,1.79,1.79
GMS004,1993,2,1.72,1.72,1.72
GMS004,1993,3,1.56,1.56,1.56
GMS004,1993,4,1.54,1.54,1.54
GMS004,1993,5,1.49,1.49,1.49
GMS004,1993,6,1.48,1.48,1.48
GMS004,1993,7,1.52,1.52,1.52
GMS004,1993,8,1.66,1.66,1.66
GMS004,1993,9,1.69,1.69,1.69
GMS004,1993,10,1.83,1.83,1.83
GMS004,1993,11,1.75,1.75,1.75
GMS004,1993,12,2.04,2.04,2.04
GMS004,1994,1,1.86,1.86,1.86
GMS004,1994,2,1.7,1.7,1.7
GMS004,1994,3,1.78,1.78,1.78
GMS004,1994,4,1.77,1.77,1.77
GMS004,1994,5,1.56,1.56,1.56
GMS004,1994,6,1.53,1.53,1.53
GMS004,1994,7,1.56,1.56,1.56
GMS004,1994,8,1.42,1.42,1.42
GMS004,1994,9,1.51,1.51,1.51
GMS004,1994,10,1.5,1.5,1.5
GMS004,1994,11,1.65,1.65,1.65
GMS004,1994,12,1.86,1.86,1.86
GMS004,1995,1,1.77,1.77,1.77
GMS004,1995,2,1.87,1.87,1.87
GMS004,1995,3,1.69,1.69,1.69
GMS004,1995,4,1.63,1.63,1.63
GMS004,1995,5,1.56,1.56,1.56
GMS004,1995,6,1.52,1.52,1.52
GMS004,1995,7,1.39,1.39,1.39
GMS004,1995,8,1.24,1.24,1.24
GMS004,1995,9,1.47,1.47,1.47
GMS004,1995,10,1.44,1.44,1.44
GMS004,1995,11,1.59,1.59,1.59
GMS004,1995,12,1.5,1.5,1.5
GMS004,1996,1,1.43,1.43,1.43
GMS004,1996,2,1.48,1.48,1.48
GMS004,1996,3,1.51,1.51,1.51
GMS004,1996,4,1.44,1.44,1.44
GMS004,1996,5,1.41,1.41,1.41
GMS004,1996,6,1.41,1.41,1.41
GMS004,1996,7,1.39,1.39,1.39
GMS004,1996,8,1.33,1.33,1.33
GMS004,1996,9,1.35,1.35,1.35
GMS004,1996,10,1.39,1.39,1.39
GMS004,1996,11,1.6,1.6,1.6
GMS004,1996,12,1.54,1.54,1.54
GMS004,1997,1,1.43,1.43,1.43
GMS004,1997,2,1.45,1.45,1.45
GMS004,1997,3,1.35,1.35,1.35
GMS004,1997,4,1.47,1.47,1.47
GMS004,1997,5,1.52,1.52,1.52
GMS004,1997,6,1.45,1.45,1.45
GMS004,1997,7,1.46,1.46,1.46
GMS004,1997,8,1.35,1.35,1.35
GMS004,1997,9,1.3,1.3,1.3
GMS004,1997,10,1.34,1.34,1.34
GMS004,1997,11,1.37,1.37,1.37
GMS004,1997,12,1.44,1.44,1.44
GMS004,1998,1,1.56,1.56,1.56
GMS004,1998,2,1.48,1.48,1.48
GMS004,1998,3,1.63,1.63,1.63
GMS004,1998,4,1.59,1.59,1.59
GMS004,1998,5,1.5,1.5,1.5
GMS004,1998,6,1.5,1.5,1.5
GMS004,1998,7,1.45,1.45,1.45
GMS004,1998,8,1.4,1.4,1.4
GMS004,1998,9,1.48,1.48,1.48
GMS004,1998,10,1.62,1.62,1.62
GMS004,1998,11,1.74,1.74,1.74
GMS004,1998,12,1.71,1.71,1.71
GMS004,1999,1,1.65,1.65,1.65
GMS004,1999,2,1.55,1.55,1.55
GMS004,1999,3,1.56,1.56,1.56
GMS004,1999,4,1.51,1.51,1.51
GMS004,1999,5,1.48,1.48,1.48
GMS004,1999,6,1.45,1.45,1.45
GMS004,1999,7,1.43,1.43,1.43
GMS004,1999,8,1.38,1.38,1.38
GMS004,1999,9,1.32,1.32,1.32
GMS004,1999,10,1.38,1.38,1.38
GMS004,1999,11,1.41,1.41,1.41
GMS004,1999,12,1.54,1.54,1.54
GMS004,2000,1,1.52,1.52,1.52
GMS004,2000,2,1.47,1.47,1.47
GMS004,2000,3,1.67,1.67,1.67
GMS004,2000,4,1.54,1.54,1.54
GMS004,2000,5,1.42,1.42,1.42
GMS004,2000,6,1.37,1.37,1.37
GMS004,2000,7,1.42,1.42,1.42
GMS004,2000,8,1.41,1.41,1.41
GMS004,2000,9,1.43,1.43,1.43
GMS004,2000,10,1.42,1.42,1.42
GMS004,2000,11,1.4,1.4,1.4
GMS004,2000,12,1.46,1.46,1.46
GMS004,2001,1,1.51,1.51,1.51
GMS004,2001,2,1.6,1.6,1.6
GMS004,2001,3,1.56,1.56,1.56
GMS004,2001,4,1.59,1.59,1.59
GMS004,2001,5,1.54,1.54,1.54
GMS004,2001,6,1.49,1.49,1.49
GMS004,2001,7,1.47,1.47,1.47
GMS004,2001,8,1.32,1.32,1.32
GMS004,2001,9,1.45,1.45,1.45
GMS004,2001,10,1.54,1.54,1.54
GMS004,2001,11,1.51,1.51,1.51
GMS004,2001,12,1.64,1.64,1.64
GMS004,2002,1,1.61,1.61,1.61
GMS004,2002,2,1.67,1.67,1.67
GMS004,2002,3,1.57,1.57,1.57
GMS004,2002,4,1.41,1.41,1.41
GMS004,2002,5,1.45,1.45,1.45
GMS004,2002,6,1.37,1.37,1.37
GMS004,2002,7,1.55,1.55,1.55
GMS004,2002,8,1.58,1.58,1.58
GMS004,2002,9,1.43,1.43,1.43
GMS004,2002,10,1.52,1.52,1.52
GMS004,2002,11,1.67,1.67,1.67
GMS004,2002,12,1.56,1.56,1.56
GMS004,2003,1,1.72,1.72,1.72
GMS004,2003,2,1.6,1.6,1.6
GMS004,2003,3,1.53,1.53,1.53
GMS004,2003,4,1.48,1.48,1.48
GMS004,2003,5,1.52,1.52,1.52
GMS004,2003,6,1.43,1.43,1.43
GMS004,2003,7,1.39,1.39,1.39
GMS004,2003,8,1.27,1.27,1.27
GMS004,2003,9,1.34,1.34,1.34
GMS004,2003,10,1.39,1.39,1.39
GMS004,2003,11,1.4,1.4,1.4
GMS004,2003,12,1.46,1.46,1.46
GMS004,2004,1,1.59,1.59,1.59
GMS004,2004,2,1.67,1.67,1.67
GMS004,2004,3,1.48,1.48,1.48
GMS004,2004,4,1.49,1.49,1.49
GMS004,2004,5,1.44,1.44,1.44
GMS004,2004,6,1.43,1.43,1.43
GMS004,2004,7,1.47,1.47,1.47
GMS004,2004,8,1.39,1.39,1.39
GMS004,2004,9,1.39,1.39,1.39
GMS004,2004,10,1.42,1.42,1.42
GMS004,2004,11,1.42,1.42,1.42
GMS004,2004,12,1.48,1.48,1.48
GMS004,2005,1,1.55,1.55,1.55
GMS004,2005,2,1.59,1.59,1.59
GMS004,2005,3,1.57,1.57,1.57
GMS004,2005,4,,,
GMS004,2005,5,1.48,1.48,1.48
GMS004,2005,6,1.45,1.45,1.45
GMS004,2005,7,1.4,1.4,1.4
GMS004,2005,8,,,
GMS004,2005,9,,,
GMS004,2005,10,,,
GMS004,2005,11,,,
GMS004,2005,12,,,
GMS004,2006,1,,,
GMS004,2006,2,,,
GMS004,2006,3,,,
GMS004,2006,4,,,
GMS004,2006,5,,,
GMS004,2006,6,,,
GMS004,2006,7,,,
GMS004,2006,8,,,
GMS004,2006,9,1.37,1.37,1.37
GMS004,2006,10,1.32,1.32,1.32
GMS004,2006,11,1.39,1.39,1.39
GMS004,2006,12,1.42,1.42,1.42
GMS004,2007,1,1.58,1.58,1.58
GMS004,2007,2,1.59,1.59,1.59
GMS004,2007,3,1.59,1.59,1.59
GMS004,2007,4,1.45,1.45,1.45
GMS004,2007,5,1.44,1.44,1.44
GMS004,2007,6,1.41,1.41,1.41
GMS004,2007,7,1.42,1.42,1.42
GMS004,2007,8,1.37,1.37,1.37
GMS004,2007,9,1.37,1.37,1.37
GMS004,2007,10,1.39,1.39,1.39
GMS004,2007,11,1.51,1.51,1.51
GMS004,2007,12,1.56,1.56,1.56
GMS004,2008,1,1.6,1.6,1.6
GMS004,2008,2,1.58,1.58,1.58
GMS004,2008,3,1.62,1.62,1.62
GMS004,2008,4,1.52,1.52,1.52
GMS004,2008,5,1.43,1.43,1.43
GMS004,2008,6,1.34,1.34,1.34
GMS004,2008,7,1.37,1.37,1.37
GMS004,2008,8,1.41,1.41,1.41
GMS004,2008,9,1.36,1.36,1.36
GMS004,2008,10,1.42,1.42,1.42
GMS004,2008,11,1.45,1.45,1.45
GMS004,2008,12,1.44,1.44,1.44
GMS004,2009,1,1.45,1.45,1.45
GMS004,2009,2,1.49,1.49,1.49
GMS004,2009,3,1.57,1.57,1.57
GMS004,2009,4,1.5,1.5,1.5
GMS004,2009,5,1.4,1.4,1.4
GMS004,2009,6,1.4,1.4,1.4
GMS004,2009,7,1.36,1.36,1.36
GMS004,2009,8,1.31,1.31,1.31
GMS004,2009,9,1.27,1.27,1.27
GMS004,2009,10,1.37,1.37,1.37
GMS004,2009,11,1.51,1.51,1.51
GMS004,2009,12,1.54,1.54,1.54
GMS004,2010,1,1.52,1.52,1.52
GMS004,2010,2,1.53,1.53,1.53
GMS004,2010,3,1.65,1.65,1.65
GMS004,2010,4,1.53,1.53,1.53
GMS004,2010,5,1.47,1.47,1.47
GMS004,2010,6,1.42,1.42,1.42
GMS004,2010,7,1.32,1.32,1.32
GMS004,2010,8,1.34,1.34,1.34
GMS004,2010,9,1.42,1.42,1.42
GMS004,2010,10,1.42,1.42,1.42
GMS004,2010,11,1.46,1.46,1.46
GMS004,2010,12,1.41,1.41,1.41
GMS004,2011,1,1.51,1.51,1.51
GMS004,2011,2,1.5,1.5,1.5
GMS004,2011,3,1.39,1.39,1.39
GMS004,2011,4,1.34,1.34,1.34
GMS004,2011,5,1.3,1.3,1.3
GMS004,2011,6,1.3,1.3,1.3
GMS004,2011,7,1.29,1.29,1.29
GMS004,2011,8,1.37,1.37,1.37
GMS004,2011,9,1.39,1.39,1.39
GMS004,2011,10,1.41,1.41,1.41
GMS004,2011,11,1.45,1.45,1.45
GMS004,2011,12,1.66,1.66,1.66
GMS004,2012,1,1.78,1.78,1.78
GMS004,2012,2,1.59,1.59,1.59
GMS004,2012,3,1.56,1.56,1.56
GMS004,2012,4,1.51,1.51,1.51
GMS004,2012,5,1.49,1.49,1.49
GMS004,2012,6,1.47,1.47,1.47
GMS004,2012,7,1.44,1.44,1.44
GMS004,2012,8,1.38,1.38,1.38
GMS004,2012,9,1.33,1.33,1.33
GMS004,2012,10,1.44,1.44,1.44
GMS004,2012,11,1.44,1.44,1.44
GMS004,2012,12,1.55,1.55,1.55
GMS004,2013,1,1.58,1.58,1.58
GMS004,2013,2,1.62,1.62,1.62
GMS004,2013,3,1.49,1.49,1.49
GMS004,2013,4,1.46,1.46,1.46
GMS004,2013,5,1.5,1.5,1.5
GMS004,2013,6,1.51,1.51,1.51
GMS004,2013,7,1.42,1.42,1.42
GMS004,2013,8,1.36,1.36,1.36
GMS004,2013,9,1.36,1.36,1.36
GMS004,2013,10,1.38,1.38,1.38
GMS004,2013,11,1.48,1.48,1.48
GMS004,2013,12,1.52,1.52,1.52
GMS004,2014,1,1.53,1.53,1.53
GMS004,2014,2,1.51,1.51,1.51
GMS004,2014,3,1.48,1.48,1.48
GMS004,2014,4,1.46,1.46,1.46
GMS004,2014,5,1.51,1.51,1.51
GMS004,2014,6,1.44,1.44,1.44
GMS004,2014,7,1.4,1.4,1.4
GMS004,2014,8,1.34,1.34,1.34
GMS004,2014,9,1.31,1.31,1.31
GMS004,2014,10,,,
GMS004,2014,11,,,
GMS004,2014,12,,,
GMS004,2015,1,,,
GMS004,2015,2,,,
GMS004,2015,3,,,
GMS004,2015,4,,,
GMS004,2015,5,,,
GMS004,2015,6,,,
GMS004,2015,7,,,
GMS004,2015,8,,,
GMS004,2015,9,,,
GMS004,2015,10,,,
GMS004,2015,11,,,
GMS004,2015,12,1.48,1.48,1.48
GMS004,2016,1,1.52,1.52,1.52
GMS004,2016,2,1.65,1.65,1.65
GMS004,2016,3,1.49,1.49,1.49
GMS004,2016,4,1.46,1.46,1.46
GMS004,2016,5,1.42,1.42,1.42
GMS004,2016,6,1.42,1.42,1.42
GMS004,2016,7,1.3,1.3,1.3
GMS004,2016,8,1.28,1.28,1.28
GMS004,2016,9,1.26,1.26,1.26
GMS004,2016,10,1.24,1.24,1.24
GMS004,2016,11,1.32,1.32,1.32
GMS004,2016,12,1.35,1.35,1.35
GMS004,2017,1,1.41,1.41,1.41
GMS004,2017,2,1.43,1.43,1.43
GMS004,2017,3,1.51,1.51,1.51
GMS004,2017,4,1.43,1.43,1.43
GMS004,2017,5,1.37,1.37,1.37
GMS004,2017,6,1.31,1.31,1.31
GMS004,2017,7,1.39,1.39,1.39
GMS004,2017,8,1.37,1.37,1.37
GMS004,2017,9,1.33,1.33,1.33
GMS004,2017,10,1.44,1.44,1.44
GMS004,2017,11,1.47,1.47,1.47
GMS004,2017,12,1.54,1.54,1.54
GMS004,2018,1,1.6,1.6,1.6
GMS004,2018,2,1.48,1.48,1.48
GMS004,2018,3,1.43,1.43,1.43
GMS004,2018,4,1.55,1.55,1.55
GMS004,2018,5,1.4,1.4,1.4
GMS004,2018,6,1.28,1.28,1.28
GMS004,2018,7,1.22,1.22,1.22
GMS004,2018,8,1.16,1.16,1.16
GMS004,2018,9,1.2,1.2,1.2
GMS004,2018,10,1.22,1.22,1.22
GMS004,2018,11,1.28,1.28,1.28
GMS004,2018,12,1.35,1.35,1.35
GMS004,2019,1,1.43,1.43,1.43
GMS004,2019,2,1.43,1.43,1.43
GMS004,2019,3,1.49,1.49,1.49
GMS004,2019,4,1.43,1.43,1.43
GMS004,2019,5,1.35,1.35,1.35
GMS004,2019,6,1.28,1.28,1.28
GMS004,2019,7,1.26,1.26,1.26
GMS004,2019,8,1.24,1.24,1.24
GMS004,2019,9,1.27,1.27,1.27
GMS004,2019,10,1.44,1.44,1.44
GMS004,2019,11,1.51,1.51,1.51
GMS004,2019,12,1.48,1.48,1.48
GMS004,2020,1,1.48,1.48,1.48
GMS004,2020,2,1.64,1.64,1.64
GMS004,2020,3,1.63,1.63,1.63
GMS004,2020,4,1.46,1.46,1.46
GMS004,2020,5,1.39,1.39,1.39
GMS004,2020,6,1.33,1.33,1.33
GMS004,2020,7,1.32,1.32,1.32
GMS004,2020,8,1.27,1.27,1.27
GMS004,2020,9,1.29,1.29,1.29
GMS004,2020,10,1.31,1.31,1.31
GMS004,2020,11,,,
GMS004,2020,12,,,
GMS004,2021,1,,,
GMS004,2021,2,,,
GMS004,2021,3,1.6,1.6,1.6
GMS004,2021,4,1.53,1.53,1.53
GMS004,2021,5,1.5,1.5,1.5
GMS004,2021,6,1.45,1.45,1.45
GMS004,2021,7,1.44,1.44,1.44
GMS004,2021,8,1.41,1.41,1.41
GMS004,2021,9,1.41,1.41,1.41
GMS004,2021,10,1.4,1.4,1.4
GMS004,2021,11,1.46,1.46,1.46
GMS004,2021,12,1.51,1.51,1.51
GMS144,1990,1,1.38,1.4326666666666665,1.56
GMS144,1990,2,1.43,1.5017857142857143,1.56
GMS144,1990,3,1.42,1.5467741935483872,1.67
GMS144,1990,4,1.28,1.3656666666666666,1.44
GMS144,1990,5,1.14,1.2370967741935484,1.28
GMS144,1990,6,1.13,1.2510000000000001,1.34
GMS144,1990,7,1.01,1.1361290322580644,1.24
GMS144,1990,8,0.95,1.0380645161290323,1.17
GMS144,1990,9,1.11,1.3493333333333333,1.45
GMS144,1990,10,1.28,1.345483870967742,1.43
GMS144,1990,11,1.2,1.2623333333333333,1.44
GMS144,1990,12,1.22,1.3841935483870966,1.55
GMS144,1991,1,1.47,1.5467741935483872,1.66
GMS144,1991,2,1.36,1.4135714285714285,1.47
GMS144,1991,3,1.3,1.3929032258064515,1.47
GMS144,1991,4,1.26,1.2876666666666667,1.34
GMS144,1991,5,1.23,1.3125806451612902,1.39
GMS144,1991,6,1.23,1.276,1.45
GMS144,1991,7,1.1,1.2490322580645161,1.45
GMS144,1991,8,1.03,1.094516129032258,1.14
GMS144,1991,9,0.94,0.9966666666666666,1.13
GMS144,1991,10,1.12,1.1551612903225805,1.19
GMS144,1991,11,1.17,1.5356666666666667,1.82
GMS144,1991,12,1.49,1.5358064516129033,1.62
GMS144,1992,1,1.35,1.5248387096774194,1.67
GMS144,1992,2,1.29,1.3779310344827587,1.46
GMS144,1992,3,1.38,1.5596774193548388,1.78
GMS144,1992,4,1.24,1.4503333333333333,1.59
GMS144,1992,5,1.24,1.447741935483871,1.65
GMS144,1992,6,0.97,1.1123333333333332,1.23
GMS144,1992,7,0.91,0.9483870967741935,1.0
GMS144,1992,8,0.86,0.9119354838709677,0.94
GMS144,1992,9,0.95,1.0096666666666667,1.04
GMS144,1992,10,0.96,1.06,1.22
GMS144,1992,11,1.18,1.3760000000000001,1.51
GMS144,1992,12,1.39,1.582258064516129,1.69
GMS144,1993,1,1.45,1.6129032258064515,1.74
GMS144,1993,2,1.45,1.532142857142857,1.6
GMS144,1993,3,1.36,1.3906451612903226,1.42
GMS144,1993,4,1.28,1.3856666666666666,1.44
GMS144,1993,5,1.16,1.212258064516129,1.3
GMS144,1993,6,1.18,1.2339999999999998,1.31
GMS144,1993,7,1.09,1.2761290322580645,1.77
GMS144,1993,8,1.49,1.6025806451612903,1.77
GMS144,1993,9,1.46,1.6273333333333333,1.81
GMS144,1993,10,1.59,1.7206451612903224,1.9
GMS144,1993,11,1.59,1.8106666666666666,2.04
GMS144,1993,12,1.86,1.9525806451612904,2.06
GMS144,1994,1,1.6,1.7322580645161292,1.87
GMS144,1994,2,1.37,1.5471428571428572,1.83
GMS144,1994,3,1.37,1.537741935483871,1.79
GMS144,1994,4,1.52,1.654,1.78
GMS144,1994,5,1.35,1.4358064516129032,1.52
GMS144,1994,6,1.21,1.3203333333333334,1.37
GMS144,1994,7,1.13,1.3635483870967742,1.72
GMS144,1994,8,1.11,1.1390322580645162,1.18
GMS144,1994,9,1.11,1.273,1.42
GMS144,1994,10,1.22,1.2538709677419353,1.31
GMS144,1994,11,1.4,1.5273333333333334,1.59
GMS144,1994,12,1.42,1.6638709677419354,1.86
GMS144,1995,1,1.56,1.7093548387096775,1.89
GMS144,1995,2,1.67,1.7925,1.9
GMS144,1995,3,1.53,1.5903225806451613,1.66
GMS144,1995,4,1.46,1.5523333333333333,1.64
GMS144,1995,5,1.39,1.4299503610108304,1.51
GMS144,1995,6,1.35,1.4298888888888888,1.5
GMS144,1995,7,1.2,1.3024513473053894,1.36
GMS144,1995,8,1.12,1.1954976303317535,1.41
GMS144,1995,9,1.33,1.4152215189873418,1.52
GMS144,1995,10,1.26,1.3415087365591398,1.5
GMS144,1995,11,1.27,1.3915590277777778,1.49
GMS144,1995,12,1.31,1.3639986559139785,1.46
GMS144,1996,1,1.26,1.2921068548387096,1.37
GMS144,1996,2,1.27,1.3941774425287357,1.55
GMS144,1996,3,1.38,1.422342069892473,1.52
GMS144,1996,4,1.27,1.3318836805555556,1.38
GMS144,1996,5,1.21,1.270967741935484,1.36
GMS144,1996,6,1.2,1.2825555555555557,1.38
GMS144,1996,7,1.17,1.2770564516129033,1.41
GMS144,1996,8,1.01,1.1174097664543523,1.26
GMS144,1996,9,1.12,1.1862916666666667,1.25
GMS144,1996,10,1.18,1.2278494623655913,1.33
GMS144,1996,11,1.3,1.4125833333333333,1.52
GMS144,1996,12,1.37,1.4737903225806452,1.57
GMS144,1997,1,1.25,1.3066532258064518,1.37
GMS144,1997,2,1.28,1.4669494047619047,1.67
GMS144,1997,3,1.46,1.5261559139784946,1.64
GMS144,1997,4,1.37,1.469597222222222,1.61
GMS144,1997,5,1.37,1.5147446236559141,1.69
GMS144,1997,6,1.21,1.320262237762238,1.63
GMS144,1997,7,1.27,1.3870161290322582,1.63
GMS144,1997,8,1.1,1.258576512455516,1.48
GMS144,1997,9,1.04,1.133763888888889,1.25
GMS144,1997,10,1.04,1.1444354838709676,1.2
GMS144,1997,11,1.18,1.2571666666666665,1.31
GMS144,1997,12,1.24,1.384744623655914,1.51
GMS144,1998,1,1.48,1.5893145161290323,1.71
GMS144,1998,2,1.38,1.4437499999999999,1.52
GMS144,1998,3,1.42,1.5666263440860215,1.8
GMS144,1998,4,1.46,1.5415555555555556,1.65
GMS144,1998,5,1.28,1.3814919354838708,1.56
GMS144,1998,6,1.25,1.4882222222222221,1.65
GMS144,1998,7,1.37,1.5088172043010752,1.62
GMS144,1998,8,1.26,1.387795698924731,1.54
GMS144,1998,9,1.37,1.443736111111111,1.54
GMS144,1998,10,1.36,1.5757258064516129,1.96
GMS144,1998,11,1.56,1.7035,1.85
GMS144,1998,12,1.51,1.6725940860215054,1.94
GMS144,1999,1,1.52,1.6147715053763443,1.69
GMS144,1999,2,1.48,1.585059523809524,1.72
GMS144,1999,3,1.46,1.600268817204301,1.85
GMS144,1999,4,1.35,1.421736111111111,1.48
GMS144,1999,5,1.23,1.3289484126984126,1.46
GMS144,1999,6,1.16,1.2699722222222223,1.42
GMS144,1999,7,1.07,1.1896774193548387,1.29
GMS144,1999,8,1.01,1.0672580645161291,1.13
GMS144,1999,9,0.93,0.9799722222222222,1.06
GMS144,1999,10,1.06,1.0961290322580646,1.13
GMS144,1999,11,1.09,1.1271111111111112,1.17
GMS144,1999,12,1.17,1.3953763440860216,1.53
GMS144,2000,1,1.41,1.4816129032258063,1.6
GMS144,2000,2,1.52,1.5614080459770114,1.62
GMS144,2000,3,1.55,1.708252688172043,1.86
GMS144,2000,4,1.4,1.5017777777777777,1.63
GMS144,2000,5,1.15,1.233801652892562,1.43
GMS144,2000,6,1.04,1.1375277777777777,1.23
GMS144,2000,7,0.99,1.099220430107527,1.2
GMS144,2000,8,1.11,1.1840860215053763,1.24
GMS144,2000,9,1.16,1.2509722222222224,1.31
GMS144,2000,10,1.24,1.2811827956989248,1.35
GMS144,2000,11,1.22,1.28275,1.33
GMS144,2000,12,1.27,1.3224462365591398,1.38
GMS144,2001,1,1.27,1.366290322580645,1.48
GMS144,2001,2,1.34,1.4639285714285715,1.6
GMS144,2001,3,1.29,1.3490591397849463,1.43
GMS144,2001,4,1.34,1.4363611111111112,1.53
GMS144,2001,5,1.24,1.3818279569892473,1.63
GMS144,2001,6,1.22,1.313,1.43
GMS144,2001,7,1.19,1.2698924731182795,1.43
GMS144,2001,8,1.13,1.2291935483870968,1.32
GMS144,2001,9,1.22,1.5569722222222222,1.75
GMS144,2001,10,1.32,1.44244623655914,1.7
GMS144,2001,11,1.31,1.3696388888888889,1.46
GMS144,2001,12,1.38,1.496801075268817,1.7
GMS144,2002,1,1.37,1.4754301075268819,1.6
GMS144,2002,2,1.48,1.5657440476190476,1.8
GMS144,2002,3,1.48,1.6293548387096775,1.78
GMS144,2002,4,1.31,1.4486944444444443,1.63
GMS144,2002,5,1.35,1.5251344086021505,1.7
GMS144,2002,6,1.26,1.3478055555555557,1.43
GMS144,2002,7,1.25,1.4730645161290323,1.85
GMS144,2002,8,1.33,1.479516129032258,1.65
GMS144,2002,9,1.15,1.2265833333333334,1.33
GMS144,2002,10,1.14,1.3439516129032258,1.6
GMS144,2002,11,1.5,1.6339166666666667,1.82
GMS144,2002,12,1.35,1.4632795698924732,1.78
GMS144,2003,1,1.53,1.6561290322580646,1.91
GMS144,2003,2,1.28,1.4526190476190475,1.64
GMS144,2003,3,1.26,1.3325537634408604,1.4
GMS144,2003,4,1.22,1.298111111111111,1.37
GMS144,2003,5,1.25,1.383709677419355,1.56
GMS144,2003,6,1.08,1.2187222222222223,1.38
GMS144,2003,7,0.97,1.106021505376344,1.19
GMS144,2003,8,0.83,0.8883870967741936,1.01
GMS144,2003,9,0.91,0.991638888888889,1.05
GMS144,2003,10,1.03,1.132715053763441,1.19
GMS144,2003,11,1.12,1.1610555555555555,1.2
GMS144,2003,12,1.13,1.2851881720430107,1.45
GMS144,2004,1,1.37,1.5209408602150536,1.66
GMS144,2004,2,1.42,1.6170977011494252,1.8
GMS144,2004,3,1.35,1.4008602150537635,1.46
GMS144,2004,4,1.31,1.3966944444444445,1.52
GMS144,2004,5,1.18,1.3111559139784945,1.44
GMS144,2004,6,1.18,1.2208554572271386,1.31
GMS144,2004,7,1.19,1.313037634408602,1.45
GMS144,2004,8,1.07,1.1588440860215052,1.26
GMS144,2004,9,1.07,1.1991944444444445,1.38
GMS144,2004,10,1.22,1.2824462365591398,1.37
GMS144,2004,11,1.1,1.1605940594059405,1.26
GMS144,2004,12,1.35,1.4144692737430167,1.47
GMS144,2005,1,1.42,1.4929301075268817,1.62
GMS144,2005,2,1.44,1.5177083333333332,1.68
GMS144,2005,3,1.41,1.481532258064516,1.59
GMS144,2005,4,1.39,1.4396031746031746,1.48
GMS144,2005,5,1.28,1.3782181818181818,1.51
GMS144,2005,6,1.18,1.3013611111111112,1.44
GMS144,2005,7,1.06,1.1854301075268818,1.64
GMS144,2005,8,1.5,1.5469047619047618,1.61
GMS144,2005,9,1.18,1.204039408866995,1.29
GMS144,2005,10,1.18,1.233279569892473,1.34
GMS144,2005,11,1.27,1.3001507537688444,1.37
GMS144,2005,12,,,
GMS144,2006,1,,,
GMS144,2006,2,,,
GMS144,2006,3,,,
GMS144,2006,4,1.47,1.5501428571428573,1.65
GMS144,2006,5,1.37,1.4055319148936172,1.43
GMS144,2006,6,1.31,1.3426923076923079,1.37
GMS144,2006,7,0.86,0.926,0.98
GMS144,2006,8,0.93,1.1283602150537635,1.39
GMS144,2006,9,1.11,1.22625,1.39
GMS144,2006,10,1.1,1.1172043010752688,1.19
GMS144,2006,11,1.15,1.2955833333333333,1.43
GMS144,2006,12,1.36,1.4464247311827956,1.53
GMS144,2007,1,1.5,1.6638978494623657,1.87
GMS144,2007,2,1.56,1.6490178571428573,1.82
GMS144,2007,3,1.51,1.6294086021505376,1.85
GMS144,2007,4,1.28,1.4059166666666667,1.52
GMS144,2007,5,1.23,1.3965591397849462,1.53
GMS144,2007,6,1.27,1.4246666666666667,1.51
GMS144,2007,7,1.3,1.412822580645161,1.47
GMS144,2007,8,1.21,1.2835752688172044,1.44
GMS144,2007,9,1.26,1.3243055555555556,1.41
GMS144,2007,10,1.3,1.3579569892473118,1.47
GMS144,2007,11,1.45,1.5805277777777778,1.76
GMS144,2007,12,1.51,1.6354032258064517,1.85
GMS144,2008,1,1.47,1.6393817204301075,1.99
GMS144,2008,2,1.52,1.6283620689655172,1.84
GMS144,2008,3,1.58,1.6686559139784947,1.79
GMS144,2008,4,1.45,1.5346388888888889,1.65
GMS144,2008,5,1.2,1.3535752688172045,1.49
GMS144,2008,6,1.04,1.1386944444444445,1.22
GMS144,2008,7,1.01,1.2239516129032257,1.35
GMS144,2008,8,1.15,1.3029301075268818,1.4
GMS144,2008,9,1.15,1.2264722222222222,1.34
GMS144,2008,10,1.27,1.3723387096774193,1.42
GMS144,2008,11,1.36,1.4348333333333332,1.56
GMS144,2008,12,1.38,1.4306989247311828,1.52
GMS144,2009,1,1.36,1.4404569892473118,1.56
GMS144,2009,2,1.41,1.503482142857143,1.66
GMS144,2009,3,1.52,1.5996236559139787,1.69
GMS144,2009,4,1.34,1.4569444444444444,1.61
GMS144,2009,5,1.16,1.2736559139784946,1.35
GMS144,2009,6,1.14,1.2477222222222222,1.35
GMS144,2009,7,1.1,1.1650537634408602,1.24
GMS144,2009,8,0.96,1.0436827956989247,1.17
GMS144,2009,9,0.9,0.9489722222222222,1.01
GMS144,2009,10,0.96,1.105483870967742,1.19
GMS144,2009,11,1.19,1.4733611111111111,1.58
GMS144,2009,12,1.5,1.5698118279569893,1.65
GMS144,2010,1,1.45,1.5175,1.61
GMS144,2010,2,1.44,1.527202380952381,1.76
GMS144,2010,3,1.59,1.6910483870967743,1.86
GMS144,2010,4,1.39,1.5015277777777776,1.69
GMS144,2010,5,1.3,1.3844086021505377,1.46
GMS144,2010,6,1.1,1.261361111111111,1.4
GMS144,2010,7,0.93,1.0236827956989247,1.13
GMS144,2010,8,1.02,1.0935752688172042,1.26
GMS144,2010,9,1.22,1.3061388888888887,1.44
GMS144,2010,10,1.3,1.3761827956989248,1.45
GMS144,2010,11,1.4,1.5067499999999998,1.6
GMS144,2010,12,1.38,1.4587096774193549,1.61
GMS144,2011,1,1.41,1.5761021505376342,1.71
GMS144,2011,2,1.43,1.5529464285714285,1.73
GMS144,2011,3,1.31,1.3704301075268817,1.43
GMS144,2011,4,1.19,1.2675555555555555,1.31
GMS144,2011,5,1.08,1.1349462365591398,1.21
GMS144,2011,6,1.01,1.112111111111111,1.22
GMS144,2011,7,1.06,1.1542741935483871,1.2
GMS144,2011,8,1.1,1.3584408602150537,1.49
GMS144,2011,9,1.33,1.4566388888888888,1.62
GMS144,2011,10,1.31,1.4780107526881723,1.69
GMS144,2011,11,1.29,1.3675833333333334,1.45
GMS144,2011,12,1.3,1.645725806451613,1.79
GMS144,2012,1,1.62,1.7598118279569892,1.92
GMS144,2012,2,1.47,1.5267816091954025,1.61
GMS144,2012,3,1.39,1.4545698924731183,1.52
GMS144,2012,4,1.32,1.3716666666666666,1.45
GMS144,2012,5,1.19,1.3266666666666667,1.46
GMS144,2012,6,1.14,1.1955,1.26
GMS144,2012,7,1.14,1.2039516129032257,1.3
GMS144,2012,8,1.06,1.134005376344086,1.25
GMS144,2012,9,1.0,1.0408333333333333,1.08
GMS144,2012,10,1.07,1.2720967741935485,1.37
GMS144,2012,11,1.26,1.3056666666666668,1.34
GMS144,2012,12,1.32,1.4861559139784948,1.7
GMS144,2013,1,1.44,1.5683333333333331,1.7
GMS144,2013,2,1.48,1.6096130952380954,1.82
GMS144,2013,3,1.35,1.4263172043010754,1.48
GMS144,2013,4,1.26,1.31075,1.35
GMS144,2013,5,1.23,1.3454301075268817,1.65
GMS144,2013,6,1.28,1.4440000000000002,1.58
GMS144,2013,7,1.11,1.2750537634408603,1.52
GMS144,2013,8,1.07,1.115779569892473,1.23
GMS144,2013,9,1.01,1.1151111111111112,1.17
GMS144,2013,10,1.09,1.1776881720430108,1.27
GMS144,2013,11,1.25,1.4240555555555554,1.54
GMS144,2013,12,1.36,1.4911290322580646,1.57
GMS144,2014,1,1.43,1.5138440860215052,1.57
GMS144,2014,2,1.41,1.4592559523809523,1.52
GMS144,2014,3,1.36,1.4066129032258063,1.5
GMS144,2014,4,1.33,1.4014722222222222,1.57
GMS144,2014,5,1.42,1.508709677419355,1.64
GMS144,2014,6,1.3,1.3904166666666666,1.53
GMS144,2014,7,1.24,1.3390322580645162,1.53
GMS144,2014,8,1.1,1.1525806451612903,1.24
GMS144,2014,9,1.02,1.0572777777777778,1.1
GMS144,2014,10,1.02,1.0999999999999999,1.2
GMS144,2014,11,1.19,1.2326388888888888,1.25
GMS144,2014,12,1.22,1.4123924731182795,1.71
GMS144,2015,1,1.52,1.6376881720430108,1.77
GMS144,2015,2,1.46,1.5386904761904763,1.67
GMS144,2015,3,1.45,1.561774193548387,1.75
GMS144,2015,4,1.44,1.572888888888889,1.84
GMS144,2015,5,1.26,1.342016129032258,1.45
GMS144,2015,6,1.08,1.163333333333333,1.28
GMS144,2015,7,1.02,1.1066397849462366,1.22
GMS144,2015,8,1.11,1.3163172043010753,1.55
GMS144,2015,9,1.32,1.4020833333333333,1.52
GMS144,2015,10,1.31,1.4150537634408602,1.54
GMS144,2015,11,1.4,1.5827222222222221,1.8
GMS144,2015,12,1.54,1.6481989247311828,1.79
GMS144,2016,1,1.52,1.612231182795699,1.72
GMS144,2016,2,1.64,1.7438218390804598,1.92
GMS144,2016,3,1.47,1.5514516129032259,1.7
GMS144,2016,4,1.45,1.4899382716049383,1.53
GMS144,2016,5,,,
GMS144,2016,6,,,
GMS144,2016,7,,,
GMS144,2016,8,,,
GMS144,2016,9,,,
GMS144,2016,10,,,
GMS144,2016,11,,,
GMS144,2016,12,,,
GMS144,2017,1,,,
GMS144,2017,2,,,
GMS144,2017,3,,,
GMS144,2017,4,,,
GMS144,2017,5,,,
GMS144,2017,6,,,
GMS144,2017,7,,,
GMS144,2017,8,,,
GMS144,2017,9,,,
GMS144,2017,10,1.46,1.5100409836065574,1.58
GMS144,2017,11,1.41,1.5280277777777778,1.68
GMS144,2017,12,1.54,1.6411290322580645,1.83
GMS144,2018,1,1.59,1.6996774193548387,1.87
GMS144,2018,2,1.41,1.5193154761904761,1.75
GMS144,2018,3,1.37,1.4174462365591396,1.49
GMS144,2018,4,1.4,1.523138888888889,1.74
GMS144,2018,5,1.08,1.2899462365591399,1.49
GMS144,2018,6,0.92,1.0211666666666668,1.12
GMS144,2018,7,0.75,0.8752688172043012,0.96
GMS144,2018,8,0.7,0.7822311827956989,0.83
GMS144,2018,9,0.72,0.7850833333333334,0.84
GMS144,2018,10,0.81,0.8432795698924731,0.91
GMS144,2018,11,0.87,0.9375833333333332,0.99
GMS144,2018,12,0.98,1.136478494623656,1.25
GMS144,2019,1,1.24,1.3763172043010754,1.5
GMS144,2019,2,1.36,1.428779761904762,1.53
GMS144,2019,3,1.35,1.4963440860215054,1.64
GMS144,2019,4,1.3,1.3991111111111112,1.56
GMS144,2019,5,1.15,1.249462365591398,1.33
GMS144,2019,6,0.93,1.08625,1.17
GMS144,2019,7,0.84,0.9175268817204301,0.97
GMS144,2019,8,0.77,0.8409408602150538,0.88
GMS144,2019,9,0.78,0.8370648464163822,0.88
GMS144,2019,10,,,
GMS144,2019,11,,,
GMS144,2019,12,1.44,1.49725,1.58
GMS144,2020,1,1.44,1.4751612903225806,1.54
GMS144,2020,2,1.5,1.6793103448275863,1.9
GMS144,2020,3,1.48,1.6457851239669423,1.88
GMS144,2020,4,1.28,1.3768888888888888,1.5
GMS144,2020,5,1.07,1.2042553191489362,1.33
GMS144,2020,6,0.94,1.0447777777777778,1.13
GMS144,2020,7,0.94,1.0257894736842106,1.1
GMS144,2020,8,0.83,0.9336559139784946,1.06
GMS144,2020,9,0.95,0.9997802197802198,1.06
GMS144,2020,10,0.94,0.9924324324324324,1.05
GMS144,2020,11,,,
GMS144,2020,12,1.14,1.2487603305785124,1.43
GMS144,2021,1,1.37,1.4483064516129032,1.55
GMS144,2021,2,1.39,1.4987499999999998,1.63
GMS144,2021,3,1.33,1.4816666666666667,1.71
GMS144,2021,4,1.33,1.3899166666666667,1.47
GMS144,2021,5,1.31,1.3887096774193548,1.46
GMS144,2021,6,1.14,1.26875,1.35
GMS144,2021,7,1.15,1.2412037037037038,1.32
GMS144,2021,8,1.12,1.1680645161290324,1.34
GMS144,2021,9,1.17,1.2350833333333333,1.31
GMS144,2021,10,1.11,1.2291129032258064,1.35
GMS144,2021,11,1.19,1.2613333333333334,1.34
GMS144,2021,12,1.22,1.3755645161290322,1.49
GMS025,1990,1,4.06,4.06,4.06
GMS025,1990,2,4.18,4.18,4.18
GMS025,1990,3,4.33,4.33,4.33
GMS025,1990,4,4.07,4.07,4.07
GMS025,1990,5,3.92,3.92,3.92
GMS025,1990,6,3.83,3.83,3.83
GMS025,1990,7,3.71,3.71,3.71
GMS025,1990,8,3.64,3.64,3.64
GMS025,1990,9,3.75,3.75,3.75
GMS025,1990,10,3.76,3.76,3.76
GMS025,1990,11,3.75,3.75,3.75
GMS025,1990,12,3.94,3.94,3.94
GMS025,1991,1,4.29,4.29,4.29
GMS025,1991,2,4.08,4.08,4.08
GMS025,1991,3,4.05,4.05,4.05
GMS025,1991,4,3.91,3.91,3.91
GMS025,1991,5,3.82,3.82,3.82
GMS025,1991,6,3.76,3.76,3.76
GMS025,1991,7,3.72,3.72,3.72
GMS025,1991,8,3.64,3.64,3.64
GMS025,1991,9,3.57,3.57,3.57
GMS025,1991,10,3.59,3.59,3.59
GMS025,1991,11,4.09,4.09,4.09
GMS025,1991,12,4.22,4.22,4.22
GMS025,1992,1,4.13,4.13,4.13
GMS025,1992,2,4.08,4.08,4.08
GMS025,1992,3,4.34,4.34,4.34
GMS025,1992,4,4.27,4.27,4.27
GMS025,1992,5,4.2,4.2,4.2
GMS025,1992,6,3.89,3.89,3.89
GMS025,1992,7,3.7,3.7,3.7
GMS025,1992,8,3.6,3.6,3.6
GMS025,1992,9,3.59,3.59,3.59
GMS025,1992,10,3.58,3.58,3.58
GMS025,1992,11,3.73,3.73,3.73
GMS025,1992,12,3.89,3.89,3.89
GMS025,1993,1,4.31,4.31,4.31
GMS025,1993,2,4.32,4.32,4.32
GMS025,1993,3,4.13,4.13,4.13
GMS025,1993,4,3.99,3.99,3.99
GMS025,1993,5,3.85,3.85,3.85
GMS025,1993,6,3.78,3.78,3.78
GMS025,1993,7,3.76,3.76,3.76
GMS025,1993,8,3.99,3.99,3.99
GMS025,1993,9,4.15,4.15,4.15
GMS025,1993,10,4.42,4.42,4.42
GMS025,1993,11,4.51,4.51,4.51
GMS025,1993,12,4.93,4.93,4.93
GMS025,1994,1,4.78,4.78,4.78
GMS025,1994,2,4.53,4.53,4.53
GMS025,1994,3,4.46,4.46,4.46
GMS025,1994,4,4.58,4.58,4.58
GMS025,1994,5,4.22,4.22,4.22
GMS025,1994,6,4.02,4.02,4.02
GMS025,1994,7,3.98,3.98,3.98
GMS025,1994,8,3.79,3.79,3.79
GMS025,1994,9,3.81,3.81,3.81
GMS025,1994,10,3.76,3.76,3.76
GMS025,1994,11,4.12,4.12,4.12
GMS025,1994,12,4.51,4.51,4.51
GMS025,1995,1,4.56,4.56,4.56
GMS025,1995,2,4.77,4.77,4.77
GMS025,1995,3,4.55,4.55,4.55
GMS025,1995,4,4.41,4.41,4.41
GMS025,1995,5,4.16,4.16,4.16
GMS025,1995,6,4.08,4.08,4.08
GMS025,1995,7,3.88,3.88,3.88
GMS025,1995,8,3.72,3.72,3.72
GMS025,1995,9,3.83,3.83,3.83
GMS025,1995,10,3.84,3.84,3.84
GMS025,1995,11,3.83,3.83,3.83
GMS025,1995,12,3.83,3.83,3.83
GMS025,1996,1,3.76,3.76,3.76
GMS025,1996,2,3.8,3.8,3.8
GMS025,1996,3,3.91,3.91,3.91
GMS025,1996,4,3.8,3.8,3.8
GMS025,1996,5,3.73,3.73,3.73
GMS025,1996,6,3.72,3.72,3.72
GMS025,1996,7,3.67,3.67,3.67
GMS025,1996,8,3.59,3.59,3.59
GMS025,1996,9,3.57,3.57,3.57
GMS025,1996,10,3.55,3.55,3.55
GMS025,1996,11,3.64,3.64,3.64
GMS025,1996,12,3.83,3.83,3.83
GMS025,1997,1,3.8,3.8,3.8
GMS025,1997,2,3.89,3.89,3.89
GMS025,1997,3,3.92,3.92,3.92
GMS025,1997,4,3.91,3.91,3.91
GMS025,1997,5,3.97,3.97,3.97
GMS025,1997,6,3.9,3.9,3.9
GMS025,1997,7,4.0,4.0,4.0
GMS025,1997,8,3.8,3.8,3.8
GMS025,1997,9,3.7,3.7,3.7
GMS025,1997,10,3.64,3.64,3.64
GMS025,1997,11,3.66,3.66,3.66
GMS025,1997,12,3.74,3.74,3.74
GMS025,1998,1,4.17,4.17,4.17
GMS025,1998,2,4.1,4.1,4.1
GMS025,1998,3,4.34,4.34,4.34
GMS025,1998,4,4.34,4.34,4.34
GMS025,1998,5,4.15,4.15,4.15
GMS025,1998,6,4.04,4.04,4.04
GMS025,1998,7,4.03,4.03,4.03
GMS025,1998,8,3.93,3.93,3.93
GMS025,1998,9,4.0,4.0,4.0
GMS025,1998,10,4.28,4.28,4.28
GMS025,1998,11,4.74,4.74,4.74
GMS025,1998,12,4.66,4.66,4.66
GMS025,1999,1,4.56,4.56,4.56
GMS025,1999,2,4.5,4.5,4.5
GMS025,1999,3,4.54,4.54,4.54
GMS025,1999,4,4.22,4.22,4.22
GMS025,1999,5,4.04,4.04,4.04
GMS025,1999,6,3.91,3.91,3.91
GMS025,1999,7,3.77,3.77,3.77
GMS025,1999,8,3.65,3.65,3.65
GMS025,1999,9,3.57,3.57,3.57
GMS025,1999,10,3.54,3.54,3.54
GMS025,1999,11,3.51,3.51,3.51
GMS025,1999,12,3.81,3.81,3.81
GMS025,2000,1,4.03,4.03,4.03
GMS025,2000,2,4.21,4.21,4.21
GMS025,2000,3,4.58,4.58,4.58
GMS025,2000,4,4.29,4.29,4.29
GMS025,2000,5,4.02,4.02,4.02
GMS025,2000,6,3.91,3.91,3.91
GMS025,2000,7,3.83,3.83,3.83
GMS025,2000,8,3.85,3.85,3.85
GMS025,2000,9,3.87,3.87,3.87
GMS025,2000,10,3.86,3.86,3.86
GMS025,2000,11,3.84,3.84,3.84
GMS025,2000,12,3.93,3.93,3.93
GMS025,2001,1,4.13,4.13,4.13
GMS025,2001,2,4.37,4.37,4.37
GMS025,2001,3,4.26,4.26,4.26
GMS025,2001,4,4.35,4.35,4.35
GMS025,2001,5,4.25,4.25,4.25
GMS025,2001,6,4.06,4.06,4.06
GMS025,2001,7,3.97,3.97,3.97
GMS025,2001,8,3.89,3.89,3.89
GMS025,2001,9,4.31,4.31,4.31
GMS025,2001,10,4.32,4.32,4.32
GMS025,2001,11,4.17,4.17,4.17
GMS025,2001,12,4.54,4.54,4.54
GMS025,2002,1,4.59,4.59,4.59
GMS025,2002,2,4.66,4.66,4.66
GMS025,2002,3,4.59,4.59,4.59
GMS025,2002,4,4.35,4.35,4.35
GMS025,2002,5,4.38,4.38,4.38
GMS025,2002,6,4.12,4.12,4.12
GMS025,2002,7,4.3,4.3,4.3
GMS025,2002,8,4.47,4.47,4.47
GMS025,2002,9,4.17,4.17,4.17
GMS025,2002,10,4.19,4.19,4.19
GMS025,2002,11,4.66,4.66,4.66
GMS025,2002,12,4.41,4.41,4.41
GMS025,2003,1,4.83,4.83,4.83
GMS025,2003,2,4.54,4.54,4.54
GMS025,2003,3,4.31,4.31,4.31
GMS025,2003,4,4.14,4.14,4.14
GMS025,2003,5,4.18,4.18,4.18
GMS025,2003,6,4.04,4.04,4.04
GMS025,2003,7,3.86,3.86,3.86
GMS025,2003,8,3.71,3.71,3.71
GMS025,2003,9,3.64,3.64,3.64
GMS025,2003,10,3.65,3.65,3.65
GMS025,2003,11,3.63,3.63,3.63
GMS025,2003,12,,,
GMS025,2004,1,,,
GMS025,2004,2,,,
GMS025,2004,3,,,
GMS025,2004,4,,,
GMS025,2004,5,4.03,4.03,4.03
GMS025,2004,6,3.96,3.96,3.96
GMS025,2004,7,3.92,3.92,3.92
GMS025,2004,8,3.82,3.82,3.82
GMS025,2004,9,3.77,3.77,3.77
GMS025,2004,10,,,
GMS025,2004,11,,,
GMS025,2004,12,,,
GMS025,2005,1,4.06,4.06,4.06
GMS025,2005,2,4.2,4.2,4.2
GMS025,2005,3,4.16,4.16,4.16
GMS025,2005,4,,,
GMS025,2005,5,4.05,4.05,4.05
GMS025,2005,6,3.99,3.99,3.99
GMS025,2005,7,3.86,3.86,3.86
GMS025,2005,8,,,
GMS025,2005,9,,,
GMS025,2005,10,,,
GMS025,2005,11,,,
GMS025,2005,12,,,
GMS025,2006,1,,,
GMS025,2006,2,,,
GMS025,2006,3,,,
GMS025,2006,4,,,
GMS025,2006,5,,,
GMS025,2006,6,,,
GMS025,2006,7,3.71,3.71,3.71
GMS025,2006,8,3.72,3.72,3.72
GMS025,2006,9,3.82,3.82,3.82
GMS025,2006,10,3.74,3.74,3.74
GMS025,2006,11,3.8,3.8,3.8
GMS025,2006,12,3.94,3.94,3.94
GMS025,2007,1,4.33,4.33,4.33
GMS025,2007,2,4.48,4.48,4.48
GMS025,2007,3,4.53,4.53,4.53
GMS025,2007,4,4.18,4.18,4.18
GMS025,2007,5,4.04,4.04,4.04
GMS025,2007,6,3.96,3.96,3.96
GMS025,2007,7,3.93,3.93,3.93
GMS025,2007,8,3.88,3.88,3.88
GMS025,2007,9,3.85,3.85,3.85
GMS025,2007,10,3.9,3.9,3.9
GMS025,2007,11,4.22,4.22,4.22
GMS025,2007,12,4.43,4.43,4.43
GMS025,2008,1,4.56,4.56,4.56
GMS025,2008,2,4.58,4.58,4.58
GMS025,2008,3,4.66,4.66,4.66
GMS025,2008,4,4.43,4.43,4.43
GMS025,2008,5,4.14,4.14,4.14
GMS025,2008,6,3.93,3.93,3.93
GMS025,2008,7,3.84,3.84,3.84
GMS025,2008,8,3.89,3.89,3.89
GMS025,2008,9,3.82,3.82,3.82
GMS025,2008,10,3.85,3.85,3.85
GMS025,2008,11,3.94,3.94,3.94
GMS025,2008,12,3.99,3.99,3.99
GMS025,2009,1,4.01,4.01,4.01
GMS025,2009,2,4.12,4.12,4.12
GMS025,2009,3,4.34,4.34,4.34
GMS025,2009,4,4.18,4.18,4.18
GMS025,2009,5,3.96,3.96,3.96
GMS025,2009,6,3.87,3.87,3.87
GMS025,2009,7,3.82,3.82,3.82
GMS025,2009,8,3.74,3.74,3.74
GMS025,2009,9,3.63,3.63,3.63
GMS025,2009,10,3.67,3.67,3.67
GMS025,2009,11,3.93,3.93,3.93
GMS025,2009,12,4.16,4.16,4.16
GMS025,2010,1,4.2,4.2,4.2
GMS025,2010,2,4.23,4.23,4.23
GMS025,2010,3,4.56,4.56,4.56
GMS025,2010,4,4.35,4.35,4.35
GMS025,2010,5,4.1,4.1,4.1
GMS025,2010,6,3.96,3.96,3.96
GMS025,2010,7,3.78,3.78,3.78
GMS025,2010,8,3.75,3.75,3.75
GMS025,2010,9,3.85,3.85,3.85
GMS025,2010,10,3.88,3.88,3.88
GMS025,2010,11,3.91,3.91,3.91
GMS025,2010,12,3.89,3.89,3.89
GMS025,2011,1,4.14,4.14,4.14
GMS025,2011,2,4.11,4.11,4.11
GMS025,2011,3,3.87,3.87,3.87
GMS025,2011,4,3.74,3.74,3.74
GMS025,2011,5,3.6,3.6,3.6
GMS025,2011,6,3.53,3.53,3.53
GMS025,2011,7,3.48,3.48,3.48
GMS025,2011,8,3.51,3.51,3.51
GMS025,2011,9,3.64,3.64,3.64
GMS025,2011,10,3.72,3.72,3.72
GMS025,2011,11,3.9,3.9,3.9
GMS025,2011,12,4.23,4.23,4.23
GMS025,2012,1,4.72,4.72,4.72
GMS025,2012,2,4.36,4.36,4.36
GMS025,2012,3,4.23,4.23,4.23
GMS025,2012,4,4.06,4.06,4.06
GMS025,2012,5,3.95,3.95,3.95
GMS025,2012,6,3.85,3.85,3.85
GMS025,2012,7,3.79,3.79,3.79
GMS025,2012,8,3.72,3.72,3.72
GMS025,2012,9,3.65,3.65,3.65
GMS025,2012,10,3.72,3.72,3.72
GMS025,2012,11,3.74,3.74,3.74
GMS025,2012,12,3.93,3.93,3.93
GMS025,2013,1,4.23,4.23,4.23
GMS025,2013,2,4.41,4.41,4.41
GMS025,2013,3,4.16,4.16,4.16
GMS025,2013,4,4.04,4.04,4.04
GMS025,2013,5,4.05,4.05,4.05
GMS025,2013,6,4.12,4.12,4.12
GMS025,2013,7,3.94,3.94,3.94
GMS025,2013,8,3.8,3.8,3.8
GMS025,2013,9,3.75,3.75,3.75
GMS025,2013,10,3.72,3.72,3.72
GMS025,2013,11,3.86,3.86,3.86
GMS025,2013,12,4.01,4.01,4.01
GMS025,2014,1,4.12,4.12,4.12
GMS025,2014,2,,,
GMS025,2014,3,4.06,4.06,4.06
GMS025,2014,4,3.99,3.99,3.99
GMS025,2014,5,4.0,4.0,4.0
GMS025,2014,6,3.95,3.95,3.95
GMS025,2014,7,3.84,3.84,3.84
GMS025,2014,8,3.75,3.75,3.75
GMS025,2014,9,3.7,3.7,3.7
GMS025,2014,10,3.68,3.68,3.68
GMS025,2014,11,3.7,3.7,3.7
GMS025,2014,12,3.89,3.89,3.89
GMS025,2015,1,4.28,4.28,4.28
GMS025,2015,2,4.22,4.22,4.22
GMS025,2015,3,4.22,4.22,4.22
GMS025,2015,4,4.32,4.32,4.32
GMS025,2015,5,,,
GMS025,2015,6,,,
GMS025,2015,7,,,
GMS025,2015,8,,,
GMS025,2015,9,,,
GMS025,2015,10,,,
GMS025,2015,11,,,
GMS025,2015,12,,,
GMS025,2016,1,,,
GMS025,2016,2,4.7,4.7,4.7
GMS025,2016,3,4.46,4.46,4.46
GMS025,2016,4,4.31,4.31,4.31
GMS025,2016,5,4.2,4.2,4.2
GMS025,2016,6,4.07,4.07,4.07
GMS025,2016,7,3.98,3.98,3.98
GMS025,2016,8,3.82,3.82,3.82
GMS025,2016,9,3.74,3.74,3.74
GMS025,2016,10,3.68,3.68,3.68
GMS025,2016,11,3.68,3.68,3.68
GMS025,2016,12,3.7,3.7,3.7
GMS025,2017,1,3.86,3.86,3.86
GMS025,2017,2,4.02,4.02,4.02
GMS025,2017,3,4.29,4.29,4.29
GMS025,2017,4,,,
GMS025,2017,5,,,
GMS025,2017,6,,,
GMS025,2017,7,,,
GMS025,2017,8,,,
GMS025,2017,9,,,
GMS025,2017,10,,,
GMS025,2017,11,,,
GMS025,2017,12,4.47,4.47,4.47
GMS025,2018,1,4.6,4.6,4.6
GMS025,2018,2,4.39,4.39,4.39
GMS025,2018,3,4.16,4.16,4.16
GMS025,2018,4,4.37,4.37,4.37
GMS025,2018,5,4.09,4.09,4.09
GMS025,2018,6,3.84,3.84,3.84
GMS025,2018,7,3.69,3.69,3.69
GMS025,2018,8,3.58,3.58,3.58
GMS025,2018,9,3.52,3.52,3.52
GMS025,2018,10,3.5,3.5,3.5
GMS025,2018,11,3.51,3.51,3.51
GMS025,2018,12,3.57,3.57,3.57
GMS025,2019,1,3.73,3.73,3.73
GMS025,2019,2,3.9,3.9,3.9
GMS025,2019,3,4.04,4.04,4.04
GMS025,2019,4,4.01,4.01,4.01
GMS025,2019,5,3.85,3.85,3.85
GMS025,2019,6,3.72,3.72,3.72
GMS025,2019,7,3.59,3.59,3.59
GMS025,2019,8,3.51,3.51,3.51
GMS025,2019,9,3.48,3.48,3.48
GMS025,2019,10,3.67,3.67,3.67
GMS025,2019,11,,,
GMS025,2019,12,4.03,4.03,4.03
GMS025,2020,1,4.03,4.03,4.03
GMS025,2020,2,4.35,4.35,4.35
GMS025,2020,3,4.49,4.49,4.49
GMS025,2020,4,4.13,4.13,4.13
GMS025,2020,5,3.94,3.94,3.94
GMS025,2020,6,3.79,3.79,3.79
GMS025,2020,7,3.69,3.69,3.69
GMS025,2020,8,3.6,3.6,3.6
GMS025,2020,9,3.6,3.6,3.6
GMS025,2020,10,3.57,3.57,3.57
GMS025,2020,11,3.63,3.63,3.63
GMS025,2020,12,3.7,3.7,3.7
GMS025,2021,1,3.96,3.96,3.96
GMS025,2021,2,4.21,4.21,4.21
GMS025,2021,3,4.26,4.26,4.26
GMS025,2021,4,4.11,4.11,4.11
GMS025,2021,5,4.03,4.03,4.03
GMS025,2021,6,3.9,3.9,3.9
GMS025,2021,7,3.79,3.79,3.79
GMS025,2021,8,3.71,3.71,3.71
GMS025,2021,9,3.67,3.67,3.67
GMS025,2021,10,,,
GMS025,2021,11,,,
GMS025,2021,12,3.89,3.89,3.89
